,predicciones_lightgbm_pw
0,74
1,119
2,85
3,7
4,127
5,173
6,131
7,1
8,7
9,97
10,2
11,22
12,5
13,1
14,71
15,152
16,112
17,45
18,14
19,181
20,313
21,7
22,24
23,1
24,66
25,53
26,60
27,3
28,110
29,13
30,0
31,15
32,2
33,6
34,32
35,33
36,30
37,117
38,76
39,177
40,9
41,10
42,366
43,169
44,76
45,10
46,0
47,7
48,2
49,67
50,5
51,239
52,1
53,19
54,39
55,3
56,34
57,0
58,9
59,4
60,283
61,50
62,687
63,66
64,173
65,1
66,0
67,33
68,166
69,132
70,1
71,167
72,60
73,0
74,80
75,23
76,3
77,16
78,0
79,4
80,54
81,97
82,56
83,1
84,0
85,262
86,70
87,0
88,1
89,13
90,80
91,12
92,376
93,155
94,248
95,43
96,1
97,34
98,37
99,2
100,13
101,666
102,32
103,3
104,3
105,1
106,92
107,9
108,11
109,64
110,13
111,7
112,116
113,248
114,8
115,6
116,46
117,42
118,124
119,110
120,10
121,110
122,1117
123,105
124,2
125,0
126,6
127,74
128,3
129,217
130,64
131,149
132,4
133,26
134,63
135,0
136,1
137,246
138,3
139,99
140,126
141,47
142,5
143,100
144,3
145,93
146,39
147,79
148,9
149,294
150,54
151,28
152,0
153,14
154,2
155,4
156,216
157,3
158,2
159,67
160,143
161,37
162,3
163,26
164,3
165,0
166,20
167,382
168,24
169,161
170,6
171,68
172,53
173,42
174,75
175,16
176,3
177,166
178,104
179,198
180,0
181,87
182,56
183,38
184,66
185,98
186,116
187,489
188,52
189,355
190,0
191,24
192,3
193,351
194,475
195,55
196,566
197,63
198,13
199,33
200,320
201,274
202,75
203,247
204,25
205,7
206,78
207,0
208,112
209,3
210,22
211,42
212,48
213,209
214,39
215,79
216,6
217,367
218,68
219,93
220,496
221,4
222,3
223,10
224,5
225,47
226,39
227,110
228,61
229,54
230,205
231,0
232,63
233,61
234,8
235,4
236,46
237,6
238,127
239,165
240,46
241,14
242,280
243,56
244,399
245,16
246,144
247,50
248,335
249,22
250,4
251,0
252,84
253,21
254,3
255,4
256,39
257,18
258,86
259,122
260,4
261,12
262,508
263,6
264,4
265,101
266,153
267,88
268,1
269,4
270,105
271,6
272,3
273,128
274,148
275,457
276,37
277,77
278,5
279,45
280,1
281,3
282,2
283,111
284,12
285,0
286,117
287,4
288,6
289,6
290,21
291,93
292,163
293,7
294,51
295,55
296,6
297,90
298,37
299,156
300,27
301,102
302,5
303,39
304,81
305,2
306,0
307,7
308,8
309,19
310,85
311,230
312,21
313,15
314,10
315,26
316,90
317,43
318,23
319,543
320,8
321,9
322,61
323,3
324,74
325,3
326,4
327,19
328,46
329,44
330,2112
331,38
332,22
333,0
334,22
335,88
336,143
337,19
338,64
339,3
340,152
341,32
342,368
343,2
344,44
345,11
346,78
347,6
348,26
349,204
350,3
351,31
352,137
353,436
354,2
355,58
356,16
357,120
358,76
359,72
360,36
361,56
362,125
363,1
364,0
365,260
366,0
367,37
368,33
369,13
370,113
371,15
372,11
373,1
374,183
375,2
376,92
377,32
378,26
379,0
380,2
381,174
382,35
383,97
384,138
385,0
386,293
387,83
388,19
389,0
390,5
391,13
392,5
393,1
394,54
395,35
396,81
397,118
398,29
399,2
400,45
401,104
402,147
403,16
404,119
405,84
406,243
407,21
408,42
409,30
410,142
411,1
412,85
413,25
414,129
415,329
416,2
417,50
418,1
419,101
420,24
421,0
422,17
423,117
424,4
425,324
426,72
427,59
428,57
429,39
430,41
431,416
432,6
433,287
434,14
435,22
436,139
437,369
438,51
439,0
440,9
441,25
442,1
443,136
444,260
445,175
446,0
447,46
448,3
449,80
450,28
451,5
452,296
453,3
454,111
455,3
456,21
457,3
458,3
459,5
460,11
461,223
462,2
463,0
464,9
465,405
466,16
467,3
468,118
469,126
470,138
471,34
472,163
473,166
474,2
475,82
476,12
477,16
478,13
479,8
480,5
481,22
482,57
483,15
484,187
485,4
486,29
487,59
488,2
489,18
490,187
491,30
492,46
493,41
494,20
495,4
496,42
497,81
498,26
499,25
500,235
501,13
502,0
503,39
504,270
505,66
506,7
507,4
508,49
509,30
510,3
511,0
512,161
513,23
514,159
515,4
516,257
517,58
518,59
519,2
520,136
521,0
522,28
523,71
524,6
525,102
526,27
527,118
528,5
529,76
530,47
531,239
532,38
533,0
534,0
535,103
536,215
537,17
538,113
539,64
540,91
541,147
542,5
543,7
544,156
545,36
546,24
547,134
548,15
549,19
550,53
551,167
552,16
553,33
554,98
555,148
556,6
557,14
558,13
559,19
560,122
561,78
562,70
563,14
564,0
565,180
566,254
567,22
568,76
569,44
570,0
571,73
572,70
573,409
574,21
575,42
576,19
577,58
578,0
579,1
580,29
581,0
582,54
583,5
584,1
585,58
586,24
587,185
588,69
589,71
590,570
591,10
592,3
593,163
594,33
595,144
596,366
597,25
598,24
599,373
600,12
601,1
602,4
603,70
604,4
605,4
606,0
607,74
608,31
609,22
610,4
611,42
612,2
613,56
614,130
615,107
616,13
617,0
618,94
619,386
620,23
621,0
622,205
623,85
624,837
625,148
626,3
627,52
628,8
629,85
630,3
631,49
632,66
633,56
634,1
635,35
636,7
637,52
638,6
639,375
640,0
641,6
642,3
643,5
644,47
645,110
646,117
647,1
648,87
649,59
650,92
651,5
652,115
653,119
654,66
655,4
656,8
657,76
658,114
659,147
660,44
661,3
662,19
663,128
664,399
665,15
666,93
667,3
668,102
669,3
670,5
671,0
672,270
673,3
674,248
675,60
676,38
677,53
678,3
679,3
680,52
681,28
682,181
683,303
684,4
685,4
686,0
687,73
688,46
689,3
690,67
691,35
692,1
693,2
694,0
695,150
696,200
697,47
698,453
699,1
700,33
701,2
702,6
703,237
704,333
705,103
706,124
707,127
708,52
709,311
710,4
711,28
712,1
713,8
714,2
715,41
716,176
717,109
718,14
719,8
720,8
721,92
722,100
723,157
724,6
725,187
726,31
727,119
728,3
729,1
730,14
731,569
732,3
733,70
734,23
735,91
736,4
737,351
738,39
739,0
740,145
741,1
742,36
743,261
744,34
745,2
746,10
747,14
748,8
749,234
750,33
751,70
752,11
753,103
754,219
755,70
756,5
757,349
758,94
759,4
760,551
761,4
762,192
763,232
764,23
765,217
766,79
767,14
768,55
769,55
770,6
771,21
772,0
773,27
774,36
775,4
776,11
777,33
778,20
779,1
780,199
781,84
782,51
783,1
784,116
785,4
786,85
787,234
788,15
789,126
790,91
791,45
792,41
793,1
794,55
795,239
796,4
797,191
798,16
799,99
800,3
801,0
802,5
803,95
804,133
805,38
806,32
807,243
808,27
809,30
810,71
811,6
812,88
813,81
814,279
815,207
816,77
817,228
818,13
819,21
820,49
821,161
822,130
823,122
824,98
825,118
826,66
827,68
828,83
829,0
830,5
831,18
832,30
833,4
834,1
835,53
836,35
837,1
838,293
839,50
840,10
841,189
842,225
843,34
844,0
845,5
846,9
847,223
848,2
849,26
850,151
851,80
852,48
853,239
854,79
855,1
856,141
857,6
858,52
859,5
860,80
861,451
862,3
863,13
864,4
865,0
866,25
867,1
868,256
869,120
870,51
871,58
872,605
873,0
874,3
875,164
876,165
877,38
878,2
879,90
880,280
881,100
882,3
883,1
884,1
885,14
886,3
887,266
888,0
889,107
890,4
891,3
892,2
893,86
894,146
895,15
896,0
897,8
898,23
899,32
900,30
901,42
902,148
903,10
904,5
905,39
906,106
907,117
908,115
909,1
910,106
911,4
912,5
913,3
914,22
915,126
916,175
917,7
918,4
919,5
920,106
921,7
922,14
923,38
924,56
925,1
926,84
927,152
928,4
929,2
930,31
931,100
932,56
933,62
934,31
935,9
936,23
937,2
938,35
939,24
940,30
941,302
942,154
943,122
944,527
945,10
946,13
947,9
948,258
949,2
950,4
951,11
952,147
953,320
954,3
955,4
956,133
957,3
958,34
959,119
960,114
961,7
962,11
963,47
964,24
965,114
966,18
967,8
968,21
969,116
970,96
971,76
972,651
973,2
974,47
975,6
976,21
977,1
978,25
979,50
980,189
981,5
982,2
983,22
984,4
985,20
986,422
987,31
988,47
989,96
990,22
991,34
992,15
993,10
994,421
995,3
996,12
997,1
998,0
999,77
1000,1
1001,48
1002,67
1003,144
1004,90
1005,82
1006,133
1007,62
1008,66
1009,91
1010,2
1011,16
1012,8
1013,42
1014,1
1015,334
1016,8
1017,1
1018,273
1019,97
1020,7
1021,5
1022,821
1023,28
1024,2
1025,49
1026,63
1027,21
1028,112
1029,4
1030,41
1031,187
1032,14
1033,27
1034,63
1035,114
1036,4
1037,221
1038,24
1039,139
1040,4
1041,21
1042,115
1043,3
1044,142
1045,62
1046,189
1047,25
1048,30
1049,10
1050,146
1051,57
1052,14
1053,524
1054,110
1055,0
1056,56
1057,8
1058,1
1059,157
1060,7
1061,21
1062,0
1063,1
1064,102
1065,1
1066,401
1067,3
1068,203
1069,58
1070,0
1071,1
1072,0
1073,20
1074,635
1075,37
1076,114
1077,7
1078,59
1079,184
1080,3
1081,39
1082,121
1083,16
1084,2
1085,5
1086,17
1087,503
1088,50
1089,187
1090,3
1091,266
1092,8
1093,20
1094,10
1095,106
1096,4
1097,85
1098,2
1099,131
1100,34
1101,75
1102,6
1103,141
1104,72
1105,126
1106,5
1107,93
1108,85
1109,33
1110,41
1111,1
1112,210
1113,20
1114,322
1115,132
1116,3
1117,21
1118,188
1119,12
1120,292
1121,2
1122,124
1123,60
1124,184
1125,15
1126,5
1127,13
1128,2
1129,65
1130,2
1131,80
1132,40
1133,256
1134,199
1135,551
1136,4
1137,165
1138,12
1139,0
1140,264
1141,431
1142,75
1143,95
1144,20
1145,118
1146,1
1147,70
1148,7
1149,2
1150,3
1151,19
1152,112
1153,13
1154,21
1155,311
1156,28
1157,26
1158,63
1159,36
1160,1
1161,38
1162,92
1163,86
1164,112
1165,30
1166,61
1167,3
1168,102
1169,34
1170,1
1171,2
1172,4
1173,160
1174,106
1175,72
1176,22
1177,245
1178,6
1179,50
1180,1
1181,2
1182,30
1183,1
1184,73
1185,46
1186,77
1187,31
1188,8
1189,1
1190,416
1191,5
1192,566
1193,92
1194,61
1195,255
1196,117
1197,18
1198,5
1199,51
1200,4
1201,2
1202,39
1203,6
1204,4
1205,165
1206,5
1207,21
1208,13
1209,4
1210,0
1211,1
1212,889
1213,1
1214,208
1215,14
1216,20
1217,19
1218,56
1219,47
1220,3
1221,9
1222,11
1223,248
1224,2
1225,240
1226,3
1227,1
1228,19
1229,67
1230,6
1231,3
1232,30
1233,1
1234,3
1235,1
1236,35
1237,109
1238,30
1239,7
1240,24
1241,164
1242,43
1243,463
1244,2
1245,21
1246,104
1247,0
1248,12
1249,11
1250,109
1251,41
1252,38
1253,25
1254,51
1255,3
1256,68
1257,1
1258,3
1259,150
1260,579
1261,77
1262,1
1263,27
1264,13
1265,61
1266,1
1267,10
1268,141
1269,42
1270,49
1271,8
1272,3
1273,96
1274,7
1275,3
1276,49
1277,122
1278,33
1279,11
1280,22
1281,0
1282,89
1283,209
1284,133
1285,27
1286,184
1287,46
1288,261
1289,0
1290,67
1291,8
1292,37
1293,76
1294,103
1295,224
1296,2
1297,6
1298,10
1299,262
1300,37
1301,25
1302,4
1303,1
1304,107
1305,5
1306,299
1307,188
1308,4
1309,41
1310,6
1311,3
1312,1
1313,103
1314,10
1315,1
1316,82
1317,2
1318,46
1319,5
1320,6
1321,67
1322,36
1323,18
1324,20
1325,53
1326,34
1327,16
1328,8
1329,0
1330,57
1331,9
1332,1
1333,40
1334,80
1335,74
1336,139
1337,111
1338,493
1339,64
1340,58
1341,72
1342,29
1343,108
1344,87
1345,6
1346,240
1347,115
1348,104
1349,66
1350,32
1351,27
1352,27
1353,5
1354,61
1355,0
1356,100
1357,99
1358,9
1359,83
1360,406
1361,153
1362,674
1363,55
1364,4
1365,7
1366,89
1367,9
1368,117
1369,40
1370,6
1371,147
1372,18
1373,2
1374,171
1375,122
1376,11
1377,116
1378,94
1379,5
1380,1
1381,302
1382,114
1383,69
1384,83
1385,68
1386,164
1387,162
1388,21
1389,149
1390,162
1391,11
1392,71
1393,2
1394,50
1395,15
1396,25
1397,1
1398,67
1399,13
1400,1
1401,81
1402,160
1403,121
1404,266
1405,3
1406,46
1407,0
1408,33
1409,1
1410,8
1411,4
1412,0
1413,1
1414,43
1415,79
1416,6
1417,221
1418,8
1419,243
1420,151
1421,25
1422,171
1423,3
1424,108
1425,279
1426,57
1427,6
1428,11
1429,5
1430,70
1431,14
1432,55
1433,61
1434,109
1435,16
1436,38
1437,6
1438,10
1439,74
1440,58
1441,30
1442,1
1443,11
1444,57
1445,92
1446,566
1447,76
1448,8
1449,101
1450,354
1451,1
1452,324
1453,157
1454,15
1455,19
1456,4
1457,20
1458,2
1459,1
1460,108
1461,99
1462,76
1463,75
1464,1
1465,1
1466,70
1467,442
1468,4
1469,17
1470,16
1471,92
1472,38
1473,3
1474,3
1475,132
1476,30
1477,48
1478,30
1479,297
1480,3
1481,3
1482,33
1483,2
1484,3
1485,6
1486,105
1487,6
1488,110
1489,124
1490,0
1491,6
1492,292
1493,57
1494,58
1495,10
1496,197
1497,58
1498,492
1499,10
1500,34
1501,269
1502,209
1503,33
1504,18
1505,21
1506,361
1507,22
1508,13
1509,6
1510,4
1511,90
1512,1
1513,1
1514,430
1515,15
1516,196
1517,1
1518,705
1519,117
1520,64
1521,1
1522,3
1523,5
1524,18
1525,6
1526,380
1527,0
1528,12
1529,81
1530,12
1531,23
1532,33
1533,279
1534,88
1535,97
1536,128
1537,30
1538,4
1539,97
1540,4
1541,33
1542,1
1543,143
1544,2
1545,299
1546,151
1547,131
1548,4
1549,102
1550,236
1551,3
1552,49
1553,4
1554,162
1555,15
1556,2
1557,23
1558,4
1559,4
1560,31
1561,1
1562,45
1563,116
1564,99
1565,20
1566,32
1567,189
1568,4
1569,92
1570,2
1571,562
1572,85
1573,3
1574,0
1575,0
1576,23
1577,181
1578,325
1579,6
1580,26
1581,199
1582,1
1583,159
1584,130
1585,361
1586,24
1587,45
1588,21
1589,3
1590,43
1591,35
1592,1
1593,84
1594,231
1595,12
1596,13
1597,85
1598,0
1599,26
1600,56
1601,28
1602,210
1603,29
1604,4
1605,31
1606,174
1607,4
1608,268
1609,1
1610,157
1611,6
1612,192
1613,2
1614,37
1615,2
1616,15
1617,36
1618,47
1619,144
1620,262
1621,44
1622,5
1623,360
1624,68
1625,177
1626,12
1627,299
1628,94
1629,50
1630,70
1631,1
1632,97
1633,59
1634,3
1635,54
1636,13
1637,160
1638,3
1639,206
1640,159
1641,68
1642,526
1643,15
1644,544
1645,180
1646,0
1647,28
1648,60
1649,1
1650,62
1651,42
1652,55
1653,11
1654,12
1655,3
1656,3
1657,3
1658,170
1659,89
1660,259
1661,172
1662,8
1663,26
1664,5
1665,49
1666,1
1667,13
1668,4
1669,156
1670,37
1671,545
1672,8
1673,917
1674,48
1675,125
1676,31
1677,7
1678,159
1679,4
1680,26
1681,41
1682,20
1683,203
1684,5
1685,660
1686,151
1687,15
1688,25
1689,78
1690,1
1691,190
1692,2
1693,163
1694,80
1695,92
1696,6
1697,27
1698,2
1699,0
1700,8
1701,28
1702,126
1703,104
1704,88
1705,0
1706,54
1707,94
1708,2
1709,16
1710,0
1711,57
1712,56
1713,182
1714,114
1715,2
1716,15
1717,5
1718,52
1719,8
1720,48
1721,2
1722,5
1723,208
1724,29
1725,55
1726,91
1727,3
1728,73
1729,334
1730,2
1731,394
1732,19
1733,32
1734,4
1735,25
1736,2
1737,27
1738,52
1739,119
1740,236
1741,82
1742,366
1743,37
1744,6
1745,12
1746,4
1747,33
1748,2
1749,52
1750,10
1751,2
1752,40
1753,15
1754,76
1755,286
1756,159
1757,110
1758,59
1759,175
1760,5
1761,5
1762,29
1763,3
1764,4
1765,18
1766,27
1767,66
1768,1
1769,14
1770,115
1771,2
1772,4
1773,70
1774,116
1775,58
1776,25
1777,31
1778,34
1779,320
1780,557
1781,1
1782,16
1783,33
1784,3
1785,80
1786,48
1787,64
1788,10
1789,3
1790,121
1791,1
1792,501
1793,64
1794,63
1795,318
1796,35
1797,169
1798,97
1799,149
1800,122
1801,0
1802,6
1803,8
1804,2
1805,49
1806,348
1807,141
1808,0
1809,302
1810,2
1811,4
1812,24
1813,0
1814,50
1815,36
1816,132
1817,151
1818,16
1819,24
1820,111
1821,6
1822,98
1823,1074
1824,11
1825,65
1826,0
1827,6
1828,42
1829,44
1830,236
1831,0
1832,0
1833,4
1834,202
1835,9
1836,404
1837,191
1838,33
1839,5
1840,10
1841,7
1842,16
1843,62
1844,6
1845,4
1846,148
1847,108
1848,11
1849,2
1850,65
1851,174
1852,14
1853,1
1854,42
1855,92
1856,2
1857,12
1858,5
1859,77
1860,28
1861,357
1862,161
1863,32
1864,48
1865,6
1866,1
1867,103
1868,11
1869,336
1870,852
1871,6
1872,47
1873,340
1874,123
1875,5
1876,1
1877,193
1878,4
1879,21
1880,4
1881,41
1882,72
1883,1
1884,20
1885,224
1886,290
1887,17
1888,1
1889,1
1890,24
1891,44
1892,6
1893,37
1894,72
1895,714
1896,76
1897,12
1898,155
1899,15
1900,154
1901,83
1902,10
1903,75
1904,98
1905,71
1906,5
1907,8
1908,86
1909,3
1910,109
1911,24
1912,8
1913,107
1914,102
1915,144
1916,357
1917,6
1918,53
1919,117
1920,3
1921,294
1922,38
1923,2
1924,138
1925,49
1926,60
1927,43
1928,5
1929,203
1930,0
1931,4
1932,274
1933,0
1934,72
1935,0
1936,3
1937,137
1938,15
1939,107
1940,16
1941,2
1942,31
1943,133
1944,1
1945,110
1946,73
1947,103
1948,52
1949,5
1950,444
1951,19
1952,31
1953,3
1954,4
1955,114
1956,7
1957,50
1958,57
1959,39
1960,19
1961,77
1962,91
1963,8
1964,13
1965,5
1966,301
1967,36
1968,0
1969,16
1970,1
1971,1
1972,139
1973,375
1974,80
1975,26
1976,28
1977,113
1978,5
1979,5
1980,70
1981,77
1982,31
1983,5
1984,29
1985,48
1986,5
1987,5
1988,163
1989,506
1990,63
1991,17
1992,61
1993,4
1994,50
1995,69
1996,16
1997,291
1998,2
1999,2
2000,54
2001,45
2002,75
2003,12
2004,78
2005,14
2006,70
2007,13
2008,95
2009,0
2010,174
2011,341
2012,116
2013,223
2014,62
2015,44
2016,162
2017,0
2018,11
2019,64
2020,75
2021,167
2022,4
2023,3
2024,22
2025,180
2026,56
2027,5
2028,6
2029,100
2030,4
2031,20
2032,268
2033,482
2034,31
2035,6
2036,59
2037,338
2038,181
2039,1
2040,9
2041,76
2042,3
2043,69
2044,77
2045,70
2046,6
2047,0
2048,17
2049,71
2050,1
2051,4
2052,2
2053,107
2054,402
2055,2
2056,45
2057,794
2058,11
2059,49
2060,51
2061,154
2062,77
2063,64
2064,27
2065,5
2066,1
2067,85
2068,64
2069,98
2070,78
2071,34
2072,144
2073,50
2074,60
2075,79
2076,2
2077,3
2078,3
2079,4
2080,198
2081,15
2082,4
2083,16
2084,215
2085,396
2086,77
2087,11
2088,66
2089,39
2090,119
2091,0
2092,26
2093,11
2094,202
2095,11
2096,3
2097,145
2098,65
2099,3
2100,293
2101,32
2102,18
2103,2
2104,357
2105,2
2106,7
2107,163
2108,2
2109,0
2110,74
2111,353
2112,143
2113,21
2114,586
2115,112
2116,4
2117,40
2118,9
2119,5
2120,3
2121,28
2122,52
2123,640
2124,159
2125,123
2126,42
2127,21
2128,1
2129,4
2130,23
2131,4
2132,40
2133,78
2134,7
2135,59
2136,73
2137,13
2138,276
2139,241
2140,141
2141,39
2142,51
2143,25
2144,65
2145,19
2146,184
2147,54
2148,8
2149,7
2150,60
2151,26
2152,14
2153,0
2154,97
2155,157
2156,3
2157,3
2158,4
2159,47
2160,147
2161,39
2162,7
2163,0
2164,65
2165,22
2166,61
2167,70
2168,9
2169,287
2170,115
2171,1
2172,227
2173,36
2174,19
2175,3
2176,764
2177,36
2178,18
2179,32
2180,0
2181,13
2182,22
2183,270
2184,1
2185,29
2186,85
2187,2
2188,31
2189,10
2190,13
2191,318
2192,1
2193,0
2194,591
2195,311
2196,18
2197,159
2198,30
2199,104
2200,2
2201,407
2202,134
2203,53
2204,31
2205,233
2206,450
2207,2
2208,104
2209,421
2210,277
2211,992
2212,257
2213,5
2214,37
2215,86
2216,13
2217,27
2218,504
2219,2
2220,21
2221,32
2222,73
2223,16
2224,112
2225,3
2226,73
2227,1
2228,6
2229,39
2230,34
2231,34
2232,1
2233,3
2234,4
2235,28
2236,5
2237,72
2238,23
2239,282
2240,278
2241,2
2242,8
2243,5
2244,18
2245,40
2246,92
2247,14
2248,151
2249,57
2250,8
2251,41
2252,6
2253,2
2254,2
2255,1
2256,73
2257,85
2258,51
2259,19
2260,5
2261,3
2262,60
2263,9
2264,3
2265,109
2266,5
2267,284
2268,10
2269,190
2270,7
2271,174
2272,68
2273,112
2274,183
2275,44
2276,23
2277,1023
2278,3
2279,51
2280,41
2281,14
2282,57
2283,3
2284,31
2285,478
2286,2
2287,22
2288,23
2289,68
2290,195
2291,68
2292,464
2293,95
2294,55
2295,27
2296,5
2297,234
2298,1
2299,141
2300,90
2301,7
2302,5
2303,119
2304,463
2305,8
2306,37
2307,44
2308,119
2309,1
2310,13
2311,14
2312,100
2313,6
2314,7
2315,61
2316,5
2317,4
2318,63
2319,121
2320,72
2321,4
2322,15
2323,0
2324,37
2325,247
2326,623
2327,68
2328,105
2329,73
2330,15
2331,110
2332,79
2333,58
2334,47
2335,243
2336,70
2337,1
2338,6
2339,106
2340,64
2341,4
2342,4
2343,7
2344,33
2345,0
2346,22
2347,97
2348,114
2349,6
2350,3
2351,50
2352,101
2353,3
2354,31
2355,40
2356,31
2357,10
2358,9
2359,343
2360,124
2361,375
2362,190
2363,131
2364,80
2365,62
2366,3
2367,1
2368,29
2369,54
2370,18
2371,6
2372,25
2373,92
2374,67
2375,11
2376,95
2377,9
2378,18
2379,1
2380,52
2381,10
2382,0
2383,15
2384,51
2385,59
2386,1
2387,5
2388,3
2389,1
2390,14
2391,6
2392,11
2393,8
2394,3
2395,108
2396,30
2397,2
2398,107
2399,210
2400,28
2401,78
2402,57
2403,45
2404,32
2405,435
2406,75
2407,75
2408,0
2409,21
2410,2
2411,17
2412,27
2413,3
2414,13
2415,77
2416,57
2417,48
2418,81
2419,43
2420,5
2421,37
2422,112
2423,0
2424,106
2425,42
2426,2
2427,13
2428,1
2429,12
2430,28
2431,16
2432,133
2433,33
2434,18
2435,7
2436,31
2437,71
2438,4
2439,198
2440,59
2441,19
2442,68
2443,5
2444,24
2445,15
2446,19
2447,5
2448,1
2449,16
2450,78
2451,165
2452,6
2453,39
2454,52
2455,37
2456,11
2457,9
2458,7
2459,367
2460,1
2461,59
2462,72
2463,25
2464,1
2465,34
2466,32
2467,243
2468,35
2469,0
2470,17
2471,63
2472,58
2473,94
2474,65
2475,6
2476,429
2477,4
2478,389
2479,3
2480,29
2481,42
2482,5
2483,1
2484,102
2485,37
2486,26
2487,67
2488,12
2489,4
2490,1
2491,13
2492,17
2493,7
2494,10
2495,26
2496,10
2497,113
2498,58
2499,79
2500,103
2501,73
2502,17
2503,66
2504,40
2505,35
2506,72
2507,68
2508,4
2509,13
2510,137
2511,184
2512,33
2513,6
2514,33
2515,0
2516,1
2517,42
2518,11
2519,68
2520,13
2521,36
2522,5
2523,6
2524,135
2525,181
2526,51
2527,4
2528,3
2529,2
2530,988
2531,1
2532,40
2533,0
2534,299
2535,100
2536,39
2537,10
2538,268
2539,87
2540,2
2541,18
2542,37
2543,56
2544,561
2545,5
2546,17
2547,0
2548,61
2549,10
2550,41
2551,60
2552,65
2553,295
2554,318
2555,2
2556,1
2557,67
2558,0
2559,5
2560,47
2561,82
2562,174
2563,19
2564,22
2565,105
2566,11
2567,72
2568,33
2569,98
2570,127
2571,2
2572,230
2573,440
2574,252
2575,32
2576,3
2577,77
2578,111
2579,83
2580,248
2581,0
2582,3
2583,1
2584,1
2585,0
2586,1
2587,117
2588,95
2589,45
2590,10
2591,36
2592,35
2593,105
2594,120
2595,142
2596,34
2597,9
2598,3
2599,58
2600,41
2601,191
2602,96
2603,0
2604,10
2605,32
2606,10
2607,1
2608,10
2609,100
2610,91
2611,4
2612,106
2613,25
2614,215
2615,250
2616,83
2617,28
2618,167
2619,327
2620,43
2621,3
2622,4
2623,79
2624,31
2625,0
2626,79
2627,12
2628,136
2629,29
2630,3
2631,120
2632,1
2633,182
2634,4
2635,127
2636,28
2637,15
2638,7
2639,410
2640,33
2641,61
2642,5
2643,0
2644,2
2645,21
2646,63
2647,0
2648,8
2649,6
2650,73
2651,21
2652,14
2653,10
2654,8
2655,6
2656,0
2657,7
2658,16
2659,61
2660,38
2661,2
2662,110
2663,13
2664,25
2665,3
2666,99
2667,72
2668,3
2669,5
2670,0
2671,0
2672,20
2673,63
2674,14
2675,0
2676,517
2677,3
2678,810
2679,19
2680,31
2681,3
2682,3
2683,58
2684,77
2685,88
2686,167
2687,2
2688,240
2689,5
2690,214
2691,156
2692,1
2693,12
2694,58
2695,48
2696,7
2697,17
2698,106
2699,424
2700,2
2701,119
2702,3
2703,19
2704,323
2705,17
2706,89
2707,52
2708,4
2709,136
2710,118
2711,320
2712,256
2713,73
2714,313
2715,204
2716,207
2717,55
2718,144
2719,33
2720,51
2721,323
2722,36
2723,0
2724,5
2725,238
2726,16
2727,14
2728,160
2729,81
2730,6
2731,134
2732,129
2733,393
2734,57
2735,19
2736,14
2737,2
2738,626
2739,9
2740,140
2741,289
2742,0
2743,24
2744,113
2745,55
2746,24
2747,46
2748,130
2749,215
2750,8
2751,406
2752,67
2753,1
2754,0
2755,2
2756,63
2757,106
2758,29
2759,67
2760,39
2761,0
2762,32
2763,4
2764,71
2765,4
2766,12
2767,72
2768,71
2769,269
2770,5
2771,91
2772,58
2773,24
2774,38
2775,1
2776,135
2777,10
2778,181
2779,66
2780,37
2781,4
2782,8
2783,252
2784,14
2785,6
2786,31
2787,0
2788,9
2789,15
2790,32
2791,1
2792,23
2793,2
2794,4
2795,63
2796,17
2797,70
2798,1
2799,22
2800,7
2801,67
2802,102
2803,85
2804,90
2805,188
2806,5
2807,1
2808,1
2809,282
2810,14
2811,5
2812,133
2813,493
2814,97
2815,114
2816,4
2817,250
2818,118
2819,3
2820,2
2821,103
2822,0
2823,21
2824,261
2825,185
2826,25
2827,1
2828,6
2829,59
2830,0
2831,6
2832,393
2833,83
2834,34
2835,50
2836,98
2837,4
2838,95
2839,328
2840,4
2841,67
2842,5
2843,5
2844,116
2845,36
2846,15
2847,51
2848,71
2849,2
2850,134
2851,4
2852,0
2853,45
2854,23
2855,227
2856,43
2857,20
2858,244
2859,44
2860,239
2861,3
2862,70
2863,6
2864,34
2865,170
2866,65
2867,23
2868,211
2869,61
2870,126
2871,10
2872,25
2873,80
2874,28
2875,1
2876,56
2877,70
2878,385
2879,170
2880,6
2881,75
2882,4
2883,111
2884,0
2885,49
2886,37
2887,30
2888,7
2889,46
2890,59
2891,538
2892,4
2893,25
2894,39
2895,33
2896,251
2897,73
2898,0
2899,106
2900,5
2901,273
2902,4
2903,63
2904,225
2905,21
2906,107
2907,9
2908,24
2909,9
2910,26
2911,5
2912,102
2913,40
2914,21
2915,0
2916,1
2917,24
2918,755
2919,7
2920,46
2921,49
2922,7
2923,103
2924,116
2925,95
2926,1
2927,11
2928,30
2929,46
2930,40
2931,124
2932,7
2933,7
2934,2
2935,65
2936,1
2937,250
2938,5
2939,42
2940,19
2941,7
2942,42
2943,72
2944,132
2945,91
2946,309
2947,272
2948,365
2949,50
2950,0
2951,19
2952,9
2953,51
2954,338
2955,6
2956,706
2957,81
2958,71
2959,1
2960,18
2961,350
2962,7
2963,77
2964,35
2965,2
2966,130
2967,4
2968,72
2969,18
2970,230
2971,2
2972,344
2973,3
2974,13
2975,7
2976,104
2977,28
2978,4
2979,0
2980,15
2981,117
2982,32
2983,72
2984,233
2985,39
2986,2
2987,40
2988,53
2989,151
2990,45
2991,267
2992,9
2993,219
2994,68
2995,173
2996,4
2997,1
2998,7
2999,21
3000,33
3001,3
3002,36
3003,120
3004,35
3005,151
3006,153
3007,116
3008,2
3009,225
3010,147
3011,0
3012,68
3013,180
3014,78
3015,14
3016,1
3017,236
3018,59
3019,0
3020,0
3021,921
3022,5
3023,86
3024,19
3025,279
3026,44
3027,1100
3028,57
3029,29
3030,375
3031,63
3032,44
3033,5
3034,2
3035,36
3036,99
3037,181
3038,12
3039,85
3040,654
3041,117
3042,190
3043,1
3044,79
3045,5
3046,14
3047,15
3048,5
3049,21
3050,19
3051,865
3052,68
3053,54
3054,62
3055,13
3056,387
3057,107
3058,0
3059,23
3060,37
3061,321
3062,128
3063,18
3064,24
3065,85
3066,6
3067,5
3068,0
3069,53
3070,10
3071,3
3072,2
3073,2
3074,57
3075,37
3076,173
3077,203
3078,125
3079,42
3080,102
3081,4
3082,33
3083,189
3084,5
3085,73
3086,86
3087,45
3088,11
3089,107
3090,50
3091,9
3092,215
3093,81
3094,25
3095,126
3096,508
3097,167
3098,8
3099,0
3100,6
3101,54
3102,0
3103,30
3104,0
3105,39
3106,79
3107,93
3108,226
3109,56
3110,80
3111,318
3112,1
3113,81
3114,64
3115,49
3116,2
3117,134
3118,29
3119,7
3120,1
3121,0
3122,63
3123,5
3124,3
3125,736
3126,59
3127,4
3128,12
3129,6
3130,78
3131,43
3132,11
3133,105
3134,107
3135,131
3136,5
3137,33
3138,24
3139,572
3140,63
3141,261
3142,60
3143,80
3144,221
3145,1
3146,11
3147,9
3148,0
3149,220
3150,17
3151,6
3152,34
3153,3
3154,89
3155,24
3156,121
3157,118
3158,188
3159,60
3160,134
3161,4
3162,88
3163,5
3164,121
3165,62
3166,98
3167,0
3168,4
3169,3
3170,20
3171,55
3172,5
3173,86
3174,4
3175,33
3176,22
3177,12
3178,36
3179,389
3180,3
3181,2
3182,13
3183,52
3184,41
3185,667
3186,224
3187,185
3188,69
3189,467
3190,3
3191,264
3192,4
3193,139
3194,3
3195,47
3196,145
3197,168
3198,7
3199,57
3200,5
3201,1
3202,11
3203,0
3204,136
3205,54
3206,76
3207,8
3208,44
3209,159
3210,1
3211,34
3212,117
3213,11
3214,88
3215,33
3216,53
3217,10
3218,25
3219,21
3220,59
3221,25
3222,242
3223,84
3224,31
3225,54
3226,133
3227,0
3228,4
3229,2
3230,40
3231,32
3232,106
3233,33
3234,399
3235,12
3236,26
3237,6
3238,12
3239,69
3240,127
3241,159
3242,22
3243,270
3244,77
3245,3
3246,2
3247,3
3248,48
3249,4
3250,30
3251,134
3252,29
3253,24
3254,54
3255,4
3256,127
3257,67
3258,8
3259,7
3260,0
3261,40
3262,33
3263,16
3264,79
3265,32
3266,16
3267,46
3268,1
3269,340
3270,194
3271,45
3272,404
3273,146
3274,3
3275,4
3276,8
3277,44
3278,5
3279,35
3280,15
3281,14
3282,17
3283,19
3284,158
3285,1
3286,0
3287,10
3288,3
3289,18
3290,25
3291,8
3292,79
3293,128
3294,2
3295,101
3296,14
3297,27
3298,143
3299,140
3300,210
3301,0
3302,4
3303,6
3304,87
3305,67
3306,29
3307,826
3308,4
3309,41
3310,1
3311,63
3312,29
3313,24
3314,3
3315,24
3316,374
3317,20
3318,8
3319,1
3320,8
3321,1
3322,76
3323,141
3324,56
3325,14
3326,129
3327,201
3328,71
3329,1
3330,6
3331,54
3332,63
3333,532
3334,39
3335,91
3336,421
3337,133
3338,221
3339,9
3340,128
3341,103
3342,60
3343,943
3344,3
3345,71
3346,100
3347,1
3348,7
3349,315
3350,0
3351,89
3352,3
3353,4
3354,4
3355,6
3356,105
3357,132
3358,18
3359,10
3360,73
3361,153
3362,40
3363,18
3364,6
3365,4
3366,6
3367,142
3368,34
3369,4
3370,79
3371,0
3372,73
3373,323
3374,36
3375,95
3376,45
3377,205
3378,523
3379,17
3380,79
3381,4
3382,12
3383,37
3384,65
3385,49
3386,37
3387,90
3388,198
3389,28
3390,87
3391,47
3392,6
3393,15
3394,12
3395,927
3396,27
3397,12
3398,7
3399,6
3400,6
3401,47
3402,14
3403,1
3404,213
3405,60
3406,565
3407,152
3408,44
3409,44
3410,4
3411,92
3412,68
3413,3
3414,93
3415,186
3416,206
3417,20
3418,142
3419,335
3420,21
3421,4
3422,67
3423,1
3424,399
3425,26
3426,8
3427,136
3428,11
3429,68
3430,8
3431,78
3432,311
3433,4
3434,16
3435,267
3436,83
3437,54
3438,44
3439,341
3440,488
3441,21
3442,9
3443,475
3444,80
3445,3
3446,7
3447,51
3448,3
3449,1
3450,386
3451,161
3452,37
3453,28
3454,99
3455,33
3456,21
3457,18
3458,19
3459,4
3460,39
3461,0
3462,25
3463,55
3464,126
3465,155
3466,78
3467,70
3468,65
3469,184
3470,7
3471,13
3472,29
3473,58
3474,80
3475,205
3476,7
3477,6
3478,205
3479,4
3480,10
3481,110
3482,7
3483,24
3484,1
3485,1
3486,28
3487,93
3488,1
3489,54
3490,4
3491,19
3492,1
3493,149
3494,3
3495,4
3496,84
3497,665
3498,2
3499,1
3500,15
3501,20
3502,6
3503,34
3504,0
3505,31
3506,40
3507,331
3508,152
3509,31
3510,85
3511,67
3512,12
3513,3
3514,46
3515,37
3516,5
3517,5
3518,13
3519,229
3520,3
3521,2
3522,82
3523,214
3524,2
3525,51
3526,0
3527,132
3528,4
3529,0
3530,55
3531,16
3532,28
3533,15
3534,1
3535,64
3536,165
3537,158
3538,15
3539,14
3540,49
3541,2
3542,3
3543,24
3544,124
3545,0
3546,38
3547,1
3548,255
3549,1
3550,103
3551,4
3552,114
3553,40
3554,5
3555,53
3556,234
3557,0
3558,1
3559,37
3560,566
3561,56
3562,2
3563,2
3564,46
3565,2
3566,6
3567,8
3568,1
3569,451
3570,200
3571,1
3572,115
3573,7
3574,9
3575,77
3576,100
3577,17
3578,355
3579,50
3580,53
3581,127
3582,66
3583,41
3584,2
3585,44
3586,25
3587,175
3588,191
3589,10
3590,139
3591,196
3592,4
3593,43
3594,91
3595,91
3596,4
3597,102
3598,431
3599,39
3600,87
3601,37
3602,48
3603,139
3604,43
3605,267
3606,139
3607,2
3608,177
3609,6
3610,53
3611,2
3612,55
3613,92
3614,49
3615,77
3616,155
3617,69
3618,0
3619,0
3620,55
3621,135
3622,9
3623,0
3624,9
3625,13
3626,3
3627,25
3628,35
3629,822
3630,4
3631,5
3632,28
3633,0
3634,35
3635,8
3636,29
3637,43
3638,49
3639,5
3640,37
3641,4
3642,5
3643,13
3644,3
3645,3
3646,6
3647,62
3648,0
3649,6
3650,52
3651,77
3652,129
3653,20
3654,51
3655,142
3656,45
3657,281
3658,9
3659,21
3660,22
3661,5
3662,113
3663,3
3664,28
3665,76
3666,84
3667,23
3668,158
3669,33
3670,0
3671,6
3672,66
3673,15
3674,0
3675,9
3676,312
3677,1
3678,9
3679,1
3680,388
3681,1
3682,88
3683,0
3684,282
3685,74
3686,0
3687,72
3688,27
3689,69
3690,1
3691,2
3692,0
3693,222
3694,135
3695,25
3696,31
3697,81
3698,217
3699,96
3700,119
3701,15
3702,10
3703,137
3704,53
3705,0
3706,46
3707,8
3708,23
3709,1
3710,2
3711,91
3712,15
3713,5
3714,102
3715,110
3716,20
3717,26
3718,4
3719,40
3720,1
3721,175
3722,8
3723,271
3724,146
3725,1
3726,15
3727,1
3728,5
3729,35
3730,10
3731,6
3732,2
3733,143
3734,359
3735,131
3736,124
3737,8
3738,8
3739,7
3740,226
3741,9
3742,4
3743,9
3744,39
3745,55
3746,126
3747,4
3748,554
3749,2
3750,140
3751,22
3752,88
3753,54
3754,120
3755,166
3756,76
3757,416
3758,29
3759,7
3760,28
3761,9
3762,320
3763,15
3764,118
3765,148
3766,7
3767,26
3768,131
3769,225
3770,3
3771,102
3772,85
3773,60
3774,53
3775,7
3776,13
3777,33
3778,14
3779,6
3780,0
3781,1
3782,82
3783,96
3784,3
3785,92
3786,174
3787,39
3788,332
3789,105
3790,166
3791,4
3792,265
3793,266
3794,583
3795,125
3796,25
3797,3
3798,43
3799,17
3800,434
3801,186
3802,213
3803,4
3804,136
3805,27
3806,6
3807,5
3808,63
3809,19
3810,2
3811,113
3812,108
3813,20
3814,1
3815,62
3816,0
3817,79
3818,297
3819,34
3820,1
3821,117
3822,0
3823,52
3824,6
3825,97
3826,2
3827,5
3828,4
3829,19
3830,7
3831,32
3832,17
3833,26
3834,28
3835,33
3836,219
3837,27
3838,85
3839,240
3840,57
3841,0
3842,5
3843,4
3844,50
3845,5
3846,0
3847,4
3848,179
3849,2
3850,33
3851,27
3852,5
3853,22
3854,6
3855,20
3856,3
3857,6
3858,1
3859,40
3860,25
3861,2
3862,3
3863,25
3864,109
3865,32
3866,467
3867,34
3868,148
3869,80
3870,5
3871,1
3872,152
3873,26
3874,82
3875,6
3876,209
3877,5
3878,8
3879,159
3880,75
3881,179
3882,464
3883,86
3884,7
3885,5
3886,203
3887,57
3888,89
3889,99
3890,129
3891,28
3892,87
3893,38
3894,6
3895,110
3896,2
3897,4
3898,3
3899,791
3900,9
3901,94
3902,29
3903,7
3904,59
3905,25
3906,10
3907,6
3908,43
3909,11
3910,79
3911,4
3912,32
3913,239
3914,170
3915,467
3916,368
3917,5
3918,157
3919,4
3920,137
3921,109
3922,2
3923,233
3924,66
3925,69
3926,166
3927,116
3928,53
3929,8
3930,380
3931,352
3932,33
3933,61
3934,2
3935,216
3936,41
3937,86
3938,341
3939,18
3940,164
3941,1
3942,120
3943,244
3944,4
3945,69
3946,315
3947,513
3948,100
3949,12
3950,159
3951,40
3952,1
3953,6
3954,0
3955,46
3956,218
3957,192
3958,18
3959,1
3960,12
3961,3
3962,2
3963,24
3964,30
3965,70
3966,51
3967,198
3968,53
3969,4
3970,9
3971,38
3972,2
3973,39
3974,180
3975,275
3976,20
3977,93
3978,119
3979,5
3980,191
3981,220
3982,44
3983,8
3984,16
3985,88
3986,47
3987,0
3988,61
3989,9
3990,7
3991,250
3992,66
3993,34
3994,1
3995,44
3996,1
3997,20
3998,23
3999,10
4000,9
4001,85
4002,4
4003,96
4004,11
4005,133
4006,7
4007,89
4008,73
4009,2
4010,86
4011,54
4012,1
4013,31
4014,104
4015,159
4016,143
4017,104
4018,0
4019,14
4020,22
4021,12
4022,5
4023,3
4024,93
4025,2
4026,6
4027,63
4028,90
4029,119
4030,684
4031,13
4032,103
4033,1
4034,107
4035,159
4036,12
4037,3
4038,0
4039,169
4040,4
4041,1
4042,2
4043,5
4044,4
4045,101
4046,27
4047,94
4048,519
4049,22
4050,71
4051,86
4052,1
4053,468
4054,2
4055,224
4056,144
4057,7
4058,29
4059,4
4060,1
4061,2
4062,149
4063,2
4064,251
4065,464
4066,18
4067,30
4068,78
4069,305
4070,338
4071,152
4072,117
4073,1
4074,81
4075,80
4076,139
4077,699
4078,144
4079,744
4080,100
4081,1
4082,36
4083,61
4084,304
4085,65
4086,24
4087,1
4088,31
4089,27
4090,103
4091,50
4092,11
4093,306
4094,28
4095,3
4096,202
4097,85
4098,62
4099,16
4100,46
4101,1565
4102,133
4103,5
4104,1
4105,7
4106,540
4107,149
4108,9
4109,11
4110,69
4111,1
4112,15
4113,49
4114,4
4115,132
4116,21
4117,50
4118,46
4119,4
4120,4
4121,285
4122,47
4123,6
4124,45
4125,2
4126,78
4127,0
4128,327
4129,3
4130,26
4131,2
4132,36
4133,6
4134,68
4135,44
4136,75
4137,414
4138,36
4139,60
4140,19
4141,408
4142,43
4143,41
4144,4
4145,149
4146,161
4147,46
4148,4
4149,0
4150,27
4151,74
4152,165
4153,39
4154,0
4155,77
4156,15
4157,11
4158,5
4159,73
4160,20
4161,1
4162,7
4163,125
4164,1
4165,67
4166,72
4167,67
4168,16
4169,185
4170,204
4171,1
4172,5
4173,10
4174,70
4175,116
4176,147
4177,233
4178,157
4179,6
4180,4
4181,0
4182,55
4183,7
4184,7
4185,21
4186,14
4187,103
4188,32
4189,102
4190,7
4191,26
4192,159
4193,29
4194,18
4195,27
4196,291
4197,118
4198,170
4199,3
4200,266
4201,100
4202,5
4203,40
4204,164
4205,5
4206,1
4207,29
4208,145
4209,26
4210,17
4211,15
4212,128
4213,17
4214,63
4215,113
4216,18
4217,256
4218,49
4219,7
4220,68
4221,374
4222,87
4223,49
4224,19
4225,8
4226,16
4227,179
4228,75
4229,102
4230,853
4231,34
4232,123
4233,97
4234,8
4235,30
4236,42
4237,70
4238,6
4239,22
4240,2
4241,80
4242,143
4243,71
4244,200
4245,72
4246,166
4247,15
4248,10
4249,108
4250,34
4251,168
4252,152
4253,79
4254,178
4255,133
4256,123
4257,0
4258,67
4259,11
4260,11
4261,15
4262,9
4263,1
4264,82
4265,3
4266,49
4267,30
4268,20
4269,30
4270,43
4271,48
4272,124
4273,158
4274,65
4275,23
4276,37
4277,120
4278,15
4279,86
4280,1
4281,6
4282,22
4283,23
4284,459
4285,70
4286,136
4287,149
4288,52
4289,5
4290,141
4291,25
4292,111
4293,33
4294,6
4295,8
4296,9
4297,3
4298,47
4299,312
4300,3
4301,0
4302,0
4303,239
4304,205
4305,62
4306,4
4307,5
4308,91
4309,301
4310,7
4311,91
4312,1
4313,177
4314,90
4315,2
4316,107
4317,43
4318,3
4319,170
4320,17
4321,61
4322,53
4323,38
4324,3
4325,0
4326,6
4327,2
4328,3
4329,50
4330,2
4331,95
4332,632
4333,120
4334,36
4335,24
4336,14
4337,4
4338,27
4339,139
4340,4
4341,148
4342,27
4343,93
4344,0
4345,8
4346,133
4347,1
4348,72
4349,3
4350,23
4351,115
4352,5
4353,2
4354,58
4355,521
4356,2
4357,120
4358,42
4359,37
4360,4
4361,18
4362,44
4363,226
4364,87
4365,10
4366,76
4367,181
4368,186
4369,72
4370,2
4371,47
4372,12
4373,6
4374,49
4375,122
4376,53
4377,4
4378,3
4379,8
4380,4
4381,1
4382,1
4383,13
4384,155
4385,136
4386,5
4387,24
4388,25
4389,42
4390,11
4391,280
4392,135
4393,7
4394,23
4395,165
4396,42
4397,54
4398,157
4399,172
4400,10
4401,36
4402,58
4403,11
4404,2
4405,57
4406,160
4407,99
4408,18
4409,143
4410,37
4411,76
4412,84
4413,96
4414,61
4415,66
4416,2
4417,14
4418,0
4419,77
4420,64
4421,18
4422,3
4423,27
4424,704
4425,10
4426,138
4427,30
4428,18
4429,104
4430,12
4431,84
4432,58
4433,35
4434,212
4435,43
4436,4
4437,497
4438,14
4439,10
4440,60
4441,15
4442,142
4443,8
4444,2
4445,0
4446,5
4447,4
4448,13
4449,76
4450,5
4451,196
4452,201
4453,84
4454,60
4455,4
4456,12
4457,41
4458,77
4459,12
4460,315
4461,119
4462,119
4463,152
4464,25
4465,139
4466,109
4467,229
4468,1
4469,28
4470,8
4471,35
4472,85
4473,209
4474,71
4475,2
4476,11
4477,33
4478,46
4479,3
4480,129
4481,3
4482,4
4483,181
4484,92
4485,3
4486,69
4487,26
4488,293
4489,24
4490,12
4491,10
4492,123
4493,39
4494,123
4495,143
4496,1
4497,24
4498,3
4499,17
4500,15
4501,1
4502,70
4503,6
4504,76
4505,22
4506,136
4507,32
4508,366
4509,277
4510,16
4511,36
4512,138
4513,75
4514,221
4515,71
4516,133
4517,49
4518,604
4519,0
4520,9
4521,17
4522,88
4523,2
4524,9
4525,57
4526,7
4527,11
4528,42
4529,361
4530,22
4531,188
4532,181
4533,87
4534,19
4535,232
4536,72
4537,9
4538,0
4539,61
4540,120
4541,7
4542,66
4543,0
4544,60
4545,2
4546,1
4547,54
4548,7
4549,55
4550,58
4551,62
4552,9
4553,16
4554,15
4555,82
4556,3
4557,188
4558,121
4559,9
4560,3
4561,215
4562,4
4563,79
4564,7
4565,6
4566,5
4567,61
4568,59
4569,235
4570,14
4571,1
4572,34
4573,33
4574,4
4575,0
4576,6
4577,0
4578,23
4579,63
4580,44
4581,28
4582,1255
4583,162
4584,2
4585,104
4586,17
4587,5
4588,191
4589,67
4590,193
4591,31
4592,111
4593,13
4594,9
4595,61
4596,48
4597,232
4598,32
4599,63
4600,22
4601,55
4602,348
4603,26
4604,5
4605,73
4606,93
4607,12
4608,78
4609,88
4610,112
4611,120
4612,422
4613,111
4614,4
4615,7
4616,202
4617,57
4618,7
4619,11
4620,1
4621,66
4622,5
4623,77
4624,10
4625,11
4626,22
4627,6
4628,90
4629,71
4630,11
4631,51
4632,55
4633,3
4634,229
4635,57
4636,9
4637,23
4638,17
4639,10
4640,111
4641,72
4642,191
4643,21
4644,7
4645,44
4646,91
4647,1
4648,206
4649,2
4650,11
4651,4
4652,1
4653,1
4654,37
4655,8
4656,302
4657,51
4658,3
4659,206
4660,0
4661,8
4662,2
4663,25
4664,132
4665,63
4666,72
4667,12
4668,30
4669,18
4670,75
4671,5
4672,9
4673,9
4674,28
4675,23
4676,2
4677,79
4678,5
4679,49
4680,32
4681,41
4682,320
4683,60
4684,324
4685,2
4686,122
4687,47
4688,17
4689,3
4690,1
4691,3
4692,2
4693,100
4694,8
4695,90
4696,11
4697,3
4698,58
4699,203
4700,4
4701,5
4702,5
4703,0
4704,165
4705,1
4706,11
4707,24
4708,5
4709,8
4710,124
4711,22
4712,61
4713,162
4714,111
4715,11
4716,89
4717,31
4718,151
4719,1
4720,1
4721,1
4722,59
4723,131
4724,90
4725,92
4726,59
4727,294
4728,36
4729,21
4730,82
4731,123
4732,3
4733,77
4734,737
4735,31
4736,61
4737,390
4738,2
4739,25
4740,167
4741,79
4742,0
4743,463
4744,2
4745,1
4746,7
4747,127
4748,156
4749,80
4750,344
4751,55
4752,122
4753,202
4754,303
4755,0
4756,10
4757,3
4758,682
4759,0
4760,0
4761,10
4762,50
4763,14
4764,3
4765,8
4766,80
4767,277
4768,3
4769,39
4770,3
4771,119
4772,158
4773,67
4774,72
4775,188
4776,15
4777,29
4778,5
4779,104
4780,52
4781,42
4782,1
4783,2
4784,0
4785,21
4786,121
4787,0
4788,62
4789,19
4790,1
4791,95
4792,15
4793,64
4794,0
4795,35
4796,16
4797,13
4798,76
4799,45
4800,199
4801,0
4802,112
4803,30
4804,102
4805,13
4806,29
4807,6
4808,184
4809,15
4810,6
4811,10
4812,60
4813,111
4814,71
4815,5
4816,83
4817,1
4818,1
4819,6
4820,5
4821,2
4822,360
4823,7
4824,24
4825,99
4826,2
4827,43
4828,26
4829,4
4830,61
4831,116
4832,37
4833,55
4834,83
4835,38
4836,57
4837,10
4838,62
4839,33
4840,38
4841,41
4842,13
4843,0
4844,52
4845,16
4846,195
4847,126
4848,44
4849,6
4850,126
4851,3
4852,13
4853,30
4854,60
4855,55
4856,24
4857,71
4858,10
4859,7
4860,1
4861,221
4862,29
4863,35
4864,0
4865,82
4866,38
4867,203
4868,18
4869,22
4870,22
4871,6
4872,459
4873,324
4874,3
4875,617
4876,1
4877,47
4878,27
4879,2
4880,57
4881,28
4882,29
4883,90
4884,6
4885,59
4886,359
4887,69
4888,384
4889,126
4890,97
4891,4
4892,21
4893,342
4894,22
4895,79
4896,6
4897,0
4898,60
4899,5
4900,3
4901,70
4902,164
4903,15
4904,28
4905,120
4906,6
4907,39
4908,0
4909,3
4910,4
4911,40
4912,4
4913,62
4914,1
4915,109
4916,14
4917,168
4918,2
4919,101
4920,455
4921,200
4922,0
4923,59
4924,0
4925,423
4926,179
4927,30
4928,224
4929,2
4930,8
4931,58
4932,1
4933,37
4934,129
4935,126
4936,5
4937,5
4938,93
4939,13
4940,68
4941,5
4942,20
4943,61
4944,167
4945,80
4946,68
4947,46
4948,136
4949,307
4950,30
4951,23
4952,60
4953,90
4954,43
4955,17
4956,112
4957,7
4958,8
4959,24
4960,115
4961,74
4962,60
4963,103
4964,205
4965,28
4966,6
4967,65
4968,486
4969,58
4970,57
4971,65
4972,169
4973,310
4974,21
4975,8
4976,137
4977,204
4978,41
4979,1
4980,252
4981,2
4982,281
4983,93
4984,164
4985,9
4986,167
4987,70
4988,19
4989,1
4990,118
4991,12
4992,135
4993,65
4994,28
4995,10
4996,97
4997,5
4998,85
4999,1
5000,206
5001,164
5002,0
5003,184
5004,23
5005,388
5006,0
5007,4
5008,7
5009,235
5010,38
5011,32
5012,71
5013,70
5014,8
5015,210
5016,69
5017,141
5018,37
5019,69
5020,93
5021,12
5022,3
5023,66
5024,52
5025,2
5026,38
5027,45
5028,526
5029,42
5030,104
5031,0
5032,0
5033,33
5034,0
5035,72
5036,4
5037,165
5038,9
5039,113
5040,19
5041,159
5042,80
5043,86
5044,18
5045,75
5046,89
5047,68
5048,4
5049,61
5050,1
5051,31
5052,47
5053,423
5054,6
5055,40
5056,0
5057,173
5058,57
5059,204
5060,323
5061,9
5062,448
5063,35
5064,66
5065,21
5066,767
5067,35
5068,277
5069,1
5070,2
5071,13
5072,46
5073,4
5074,36
5075,32
5076,169
5077,0
5078,1
5079,91
5080,46
5081,645
5082,23
5083,23
5084,4
5085,32
5086,21
5087,4
5088,189
5089,3
5090,94
5091,6
5092,73
5093,172
5094,208
5095,190
5096,43
5097,156
5098,1
5099,4
5100,31
5101,445
5102,526
5103,15
5104,1
5105,1
5106,35
5107,357
5108,2
5109,4
5110,198
5111,6
5112,97
5113,181
5114,3
5115,178
5116,20
5117,82
5118,79
5119,29
5120,280
5121,4
5122,106
5123,52
5124,1
5125,351
5126,142
5127,79
5128,14
5129,27
5130,6
5131,62
5132,447
5133,6
5134,0
5135,17
5136,100
5137,101
5138,173
5139,1
5140,40
5141,102
5142,3
5143,70
5144,13
5145,81
5146,13
5147,71
5148,57
5149,1
5150,122
5151,79
5152,171
5153,1
5154,7
5155,2
5156,0
5157,505
5158,69
5159,129
5160,111
5161,249
5162,51
5163,103
5164,125
5165,6
5166,43
5167,53
5168,0
5169,28
5170,208
5171,154
5172,74
5173,187
5174,10
5175,264
5176,8
5177,257
5178,44
5179,79
5180,34
5181,211
5182,89
5183,3
5184,47
5185,242
5186,496
5187,61
5188,280
5189,30
5190,2
5191,21
5192,91
5193,90
5194,22
5195,3
5196,112
5197,0
5198,1
5199,349
5200,52
5201,43
5202,57
5203,19
5204,4
5205,116
5206,136
5207,6
5208,5
5209,55
5210,6
5211,752
5212,5
5213,13
5214,1
5215,42
5216,4
5217,85
5218,243
5219,5
5220,35
5221,17
5222,5
5223,969
5224,29
5225,40
5226,16
5227,28
5228,10
5229,75
5230,11
5231,6
5232,73
5233,26
5234,69
5235,62
5236,452
5237,0
5238,152
5239,23
5240,104
5241,9
5242,13
5243,11
5244,13
5245,1
5246,33
5247,138
5248,4
5249,486
5250,0
5251,2
5252,491
5253,5
5254,509
5255,10
5256,9
5257,67
5258,1
5259,129
5260,5
5261,37
5262,6
5263,5
5264,218
5265,68
5266,57
5267,54
5268,6
5269,0
5270,42
5271,6
5272,10
5273,44
5274,51
5275,20
5276,2
5277,72
5278,4
5279,153
5280,159
5281,21
5282,14
5283,4
5284,9
5285,204
5286,33
5287,42
5288,42
5289,68
5290,15
5291,130
5292,5
5293,139
5294,106
5295,8
5296,31
5297,549
5298,13
5299,19
5300,171
5301,430
5302,31
5303,3
5304,94
5305,320
5306,126
5307,5
5308,91
5309,0
5310,70
5311,1
5312,88
5313,3
5314,124
5315,23
5316,12
5317,18
5318,141
5319,93
5320,33
5321,11
5322,22
5323,9
5324,99
5325,5
5326,27
5327,2
5328,57
5329,21
5330,76
5331,42
5332,3
5333,79
5334,1
5335,253
5336,0
5337,190
5338,83
5339,7
5340,99
5341,482
5342,24
5343,78
5344,620
5345,95
5346,61
5347,27
5348,70
5349,251
5350,0
5351,119
5352,124
5353,94
5354,14
5355,306
5356,4
5357,144
5358,17
5359,374
5360,0
5361,39
5362,14
5363,1
5364,575
5365,326
5366,6
5367,35
5368,27
5369,64
5370,35
5371,61
5372,7
5373,45
5374,5
5375,5
5376,168
5377,407
5378,359
5379,138
5380,33
5381,60
5382,21
5383,47
5384,109
5385,7
5386,48
5387,1
5388,0
5389,383
5390,25
5391,168
5392,44
5393,1
5394,181
5395,36
5396,90
5397,1
5398,8
5399,2
5400,67
5401,18
5402,141
5403,7
5404,27
5405,116
5406,2
5407,1
5408,17
5409,410
5410,1
5411,118
5412,58
5413,386
5414,16
5415,47
5416,13
5417,190
5418,4
5419,4
5420,99
5421,35
5422,21
5423,82
5424,24
5425,137
5426,45
5427,99
5428,215
5429,2
5430,24
5431,19
5432,318
5433,0
5434,71
5435,102
5436,58
5437,23
5438,32
5439,9
5440,128
5441,24
5442,31
5443,96
5444,141
5445,2
5446,37
5447,400
5448,83
5449,86
5450,29
5451,145
5452,8
5453,119
5454,46
5455,4
5456,6
5457,1
5458,79
5459,101
5460,55
5461,206
5462,3
5463,9
5464,23
5465,1
5466,39
5467,2
5468,461
5469,86
5470,682
5471,2
5472,23
5473,174
5474,9
5475,99
5476,154
5477,2
5478,79
5479,58
5480,333
5481,175
5482,39
5483,31
5484,43
5485,38
5486,7
5487,176
5488,35
5489,1793
5490,72
5491,133
5492,120
5493,9
5494,198
5495,135
5496,35
5497,113
5498,12
5499,56
5500,40
5501,2
5502,0
5503,11
5504,37
5505,43
5506,44
5507,86
5508,38
5509,1
5510,10
5511,4
5512,5
5513,0
5514,29
5515,132
5516,1
5517,62
5518,4
5519,72
5520,16
5521,4
5522,88
5523,73
5524,25
5525,29
5526,14
5527,299
5528,47
5529,49
5530,4
5531,17
5532,14
5533,214
5534,509
5535,24
5536,32
5537,76
5538,133
5539,13
5540,0
5541,155
5542,139
5543,484
5544,66
5545,31
5546,143
5547,25
5548,57
5549,86
5550,22
5551,53
5552,77
5553,5
5554,130
5555,2
5556,28
5557,271
5558,20
5559,662
5560,64
5561,81
5562,11
5563,0
5564,40
5565,10
5566,0
5567,5
5568,30
5569,23
5570,132
5571,85
5572,4
5573,1
5574,109
5575,4
5576,19
5577,8
5578,284
5579,6
5580,189
5581,80
5582,41
5583,49
5584,35
5585,6
5586,194
5587,1
5588,336
5589,2
5590,133
5591,45
5592,35
5593,3
5594,65
5595,49
5596,61
5597,438
5598,94
5599,55
5600,5
5601,109
5602,71
5603,5
5604,80
5605,31
5606,8
5607,26
5608,13
5609,2
5610,212
5611,54
5612,56
5613,6
5614,4
5615,200
5616,7
5617,193
5618,2
5619,8
5620,38
5621,35
5622,16
5623,63
5624,235
5625,82
5626,5
5627,15
5628,15
5629,633
5630,551
5631,2
5632,373
5633,110
5634,3
5635,30
5636,89
5637,92
5638,4
5639,112
5640,4
5641,17
5642,64
5643,49
5644,5
5645,153
5646,1
5647,10
5648,10
5649,1
5650,4
5651,102
5652,63
5653,371
5654,89
5655,678
5656,32
5657,2
5658,3
5659,58
5660,230
5661,2
5662,16
5663,295
5664,0
5665,36
5666,147
5667,80
5668,2
5669,3
5670,10
5671,644
5672,339
5673,181
5674,18
5675,5
5676,100
5677,144
5678,63
5679,85
5680,60
5681,60
5682,71
5683,3
5684,5
5685,5
5686,88
5687,70
5688,144
5689,482
5690,353
5691,12
5692,3
5693,0
5694,28
5695,58
5696,87
5697,17
5698,48
5699,43
5700,7
5701,60
5702,83
5703,13
5704,78
5705,204
5706,59
5707,324
5708,35
5709,17
5710,158
5711,49
5712,61
5713,37
5714,55
5715,86
5716,191
5717,4
5718,3
5719,270
5720,2
5721,463
5722,16
5723,96
5724,7
5725,41
5726,251
5727,0
5728,3
5729,92
5730,101
5731,3
5732,6
5733,345
5734,58
5735,14
5736,79
5737,2
5738,142
5739,13
5740,19
5741,134
5742,3
5743,49
5744,4
5745,153
5746,57
5747,104
5748,5
5749,37
5750,67
5751,7
5752,117
5753,53
5754,3
5755,734
5756,12
5757,70
5758,1
5759,1
5760,2
5761,129
5762,1
5763,4
5764,6
5765,4
5766,77
5767,854
5768,132
5769,1
5770,6
5771,3
5772,1
5773,17
5774,91
5775,108
5776,65
5777,4
5778,8
5779,23
5780,0
5781,461
5782,20
5783,6
5784,1
5785,100
5786,335
5787,84
5788,5
5789,5
5790,1
5791,4
5792,123
5793,16
5794,66
5795,17
5796,50
5797,3
5798,109
5799,3
5800,46
5801,69
5802,4
5803,173
5804,54
5805,31
5806,165
5807,261
5808,31
5809,4
5810,172
5811,0
5812,198
5813,3
5814,4
5815,10
5816,20
5817,143
5818,32
5819,108
5820,3
5821,734
5822,82
5823,62
5824,9
5825,63
5826,102
5827,464
5828,655
5829,58
5830,9
5831,8
5832,6
5833,373
5834,381
5835,60
5836,95
5837,41
5838,206
5839,5
5840,290
5841,2
5842,139
5843,144
5844,12
5845,56
5846,30
5847,1
5848,122
5849,25
5850,11
5851,10
5852,0
5853,100
5854,315
5855,17
5856,345
5857,61
5858,9
5859,0
5860,277
5861,2
5862,18
5863,1
5864,86
5865,27
5866,36
5867,211
5868,449
5869,169
5870,1
5871,150
5872,7
5873,144
5874,6
5875,59
5876,119
5877,176
5878,1
5879,103
5880,134
5881,0
5882,0
5883,163
5884,55
5885,1
5886,0
5887,12
5888,0
5889,650
5890,63
5891,2
5892,205
5893,134
5894,45
5895,3
5896,224
5897,8
5898,1
5899,123
5900,26
5901,108
5902,25
5903,104
5904,37
5905,205
5906,21
5907,133
5908,140
5909,41
5910,54
5911,7
5912,6
5913,55
5914,152
5915,1
5916,41
5917,3
5918,13
5919,33
5920,15
5921,8
5922,20
5923,1015
5924,44
5925,94
5926,13
5927,81
5928,49
5929,145
5930,183
5931,18
5932,3
5933,216
5934,2
5935,549
5936,65
5937,7
5938,79
5939,38
5940,2
5941,22
5942,159
5943,90
5944,1
5945,80
5946,21
5947,4
5948,5
5949,72
5950,26
5951,86
5952,61
5953,4
5954,5
5955,80
5956,5
5957,11
5958,343
5959,411
5960,82
5961,3
5962,55
5963,86
5964,127
5965,4
5966,33
5967,115
5968,5
5969,91
5970,158
5971,81
5972,5
5973,129
5974,4
5975,100
5976,105
5977,5
5978,17
5979,27
5980,1
5981,46
5982,57
5983,395
5984,6
5985,5
5986,20
5987,0
5988,147
5989,37
5990,63
5991,45
5992,0
5993,8
5994,70
5995,385
5996,265
5997,41
5998,7
5999,2
6000,9
6001,111
6002,6
6003,233
6004,1
6005,6
6006,65
6007,227
6008,98
6009,24
6010,1
6011,0
6012,4
6013,17
6014,30
6015,51
6016,34
6017,77
6018,230
6019,80
6020,0
6021,10
6022,3
6023,81
6024,58
6025,426
6026,57
6027,4
6028,0
6029,4
6030,231
6031,37
6032,68
6033,8
6034,0
6035,65
6036,45
6037,75
6038,3
6039,12
6040,46
6041,19
6042,104
6043,102
6044,65
6045,18
6046,469
6047,70
6048,656
6049,137
6050,0
6051,2
6052,4
6053,194
6054,32
6055,38
6056,356
6057,7
6058,108
6059,27
6060,411
6061,1
6062,4
6063,13
6064,6
6065,190
6066,359
6067,81
6068,3
6069,41
6070,137
6071,7
6072,4
6073,2
6074,147
6075,109
6076,30
6077,2
6078,69
6079,22
6080,0
6081,108
6082,201
6083,54
6084,29
6085,7
6086,70
6087,2
6088,6
6089,114
6090,4
6091,334
6092,269
6093,4
6094,1
6095,61
6096,1
6097,62
6098,74
6099,33
6100,97
6101,11
6102,105
6103,7
6104,2
6105,119
6106,125
6107,8
6108,4
6109,17
6110,121
6111,35
6112,86
6113,3
6114,127
6115,196
6116,1
6117,3
6118,56
6119,103
6120,100
6121,276
6122,4
6123,9
6124,14
6125,5
6126,0
6127,93
6128,72
6129,68
6130,2
6131,22
6132,140
6133,84
6134,111
6135,88
6136,126
6137,349
6138,17
6139,5
6140,40
6141,73
6142,28
6143,70
6144,45
6145,2
6146,22
6147,35
6148,0
6149,1
6150,113
6151,429
6152,214
6153,88
6154,106
6155,114
6156,32
6157,174
6158,4
6159,53
6160,62
6161,16
6162,188
6163,16
6164,25
6165,44
6166,15
6167,20
6168,26
6169,259
6170,398
6171,4
6172,108
6173,123
6174,105
6175,28
6176,79
6177,15
6178,136
6179,425
6180,175
6181,164
6182,6
6183,36
6184,13
6185,9
6186,165
6187,2
6188,0
6189,39
6190,12
6191,139
6192,79
6193,36
6194,55
6195,9
6196,507
6197,13
6198,25
6199,79
6200,59
6201,19
6202,1
6203,25
6204,11
6205,93
6206,52
6207,15
6208,12
6209,5
6210,121
6211,55
6212,48
6213,2
6214,27
6215,3
6216,70
6217,23
6218,5
6219,12
6220,5
6221,2
6222,80
6223,4
6224,94
6225,6
6226,35
6227,249
6228,21
6229,104
6230,32
6231,53
6232,320
6233,5
6234,53
6235,17
6236,136
6237,168
6238,44
6239,44
6240,72
6241,108
6242,66
6243,57
6244,3
6245,2
6246,13
6247,158
6248,19
6249,273
6250,92
6251,17
6252,25
6253,11
6254,54
6255,6
6256,15
6257,2
6258,5
6259,74
6260,110
6261,13
6262,48
6263,78
6264,41
6265,12
6266,153
6267,3
6268,4
6269,170
6270,1
6271,8
6272,184
6273,32
6274,171
6275,1214
6276,61
6277,15
6278,1
6279,8
6280,4
6281,0
6282,5
6283,128
6284,95
6285,1
6286,88
6287,173
6288,39
6289,3
6290,34
6291,213
6292,32
6293,18
6294,34
6295,770
6296,92
6297,3
6298,308
6299,103
6300,148
6301,336
6302,31
6303,30
6304,108
6305,38
6306,36
6307,2
6308,203
6309,222
6310,108
6311,51
6312,4
6313,271
6314,381
6315,280
6316,32
6317,1
6318,62
6319,199
6320,14
6321,239
6322,41
6323,0
6324,2
6325,3
6326,3
6327,16
6328,20
6329,83
6330,28
6331,43
6332,29
6333,20
6334,116
6335,29
6336,398
6337,238
6338,1
6339,316
6340,44
6341,116
6342,9
6343,3
6344,50
6345,94
6346,32
6347,446
6348,13
6349,110
6350,331
6351,216
6352,30
6353,1
6354,13
6355,24
6356,24
6357,26
6358,10
6359,52
6360,53
6361,69
6362,12
6363,7
6364,113
6365,8
6366,1
6367,5
6368,23
6369,91
6370,58
6371,19
6372,56
6373,8
6374,176
6375,3
6376,15
6377,5
6378,31
6379,8
6380,2
6381,287
6382,124
6383,4
6384,167
6385,7
6386,38
6387,0
6388,5
6389,169
6390,36
6391,0
6392,2
6393,2
6394,78
6395,55
6396,2
6397,18
6398,34
6399,76
6400,259
6401,19
6402,11
6403,91
6404,348
6405,104
6406,59
6407,142
6408,3
6409,37
6410,278
6411,16
6412,6
6413,45
6414,472
6415,64
6416,2
6417,6
6418,45
6419,107
6420,13
6421,108
6422,218
6423,23
6424,4
6425,7
6426,70
6427,283
6428,139
6429,308
6430,38
6431,32
6432,108
6433,58
6434,93
6435,346
6436,24
6437,149
6438,77
6439,25
6440,135
6441,546
6442,122
6443,0
6444,157
6445,3
6446,84
6447,16
6448,2
6449,6
6450,24
6451,212
6452,23
6453,84
6454,79
6455,8
6456,286
6457,7
6458,139
6459,158
6460,49
6461,149
6462,0
6463,6
6464,11
6465,135
6466,316
6467,108
6468,198
6469,56
6470,0
6471,53
6472,120
6473,7
6474,4
6475,37
6476,47
6477,49
6478,67
6479,44
6480,131
6481,123
6482,35
6483,5
6484,10
6485,35
6486,83
6487,69
6488,10
6489,70
6490,132
6491,5
6492,17
6493,6
6494,52
6495,4
6496,9
6497,18
6498,88
6499,30
6500,309
6501,125
6502,9
6503,67
6504,325
6505,52
6506,21
6507,164
6508,98
6509,20
6510,40
6511,374
6512,4
6513,64
6514,160
6515,2
6516,89
6517,82
6518,50
6519,30
6520,5
6521,25
6522,6
6523,39
6524,3
6525,4
6526,15
6527,263
6528,5
6529,263
6530,3
6531,1167
6532,19
6533,41
6534,1
6535,16
6536,86
6537,99
6538,32
6539,173
6540,23
6541,0
6542,22
6543,161
6544,118
6545,67
6546,7
6547,5
6548,3
6549,1
6550,67
6551,139
6552,303
6553,33
6554,89
6555,31
6556,3
6557,189
6558,0
6559,4
6560,2
6561,1
6562,34
6563,9
6564,254
6565,10
6566,6
6567,99
6568,20
6569,15
6570,0
6571,71
6572,5
6573,8
6574,1
6575,20
6576,6
6577,93
6578,39
6579,394
6580,418
6581,64
6582,3
6583,104
6584,118
6585,4
6586,20
6587,55
6588,79
6589,29
6590,1
6591,5
6592,103
6593,82
6594,27
6595,42
6596,66
6597,35
6598,2
6599,1
6600,94
6601,116
6602,18
6603,140
6604,273
6605,65
6606,280
6607,1
6608,253
6609,329
6610,0
6611,0
6612,22
6613,1
6614,7
6615,66
6616,7
6617,178
6618,0
6619,125
6620,48
6621,2
6622,11
6623,103
6624,50
6625,180
6626,51
6627,82
6628,14
6629,52
6630,33
6631,11
6632,85
6633,44
6634,1
6635,64
6636,187
6637,425
6638,76
6639,457
6640,4
6641,39
6642,302
6643,259
6644,58
6645,0
6646,77
6647,122
6648,1
6649,193
6650,88
6651,12
6652,7
6653,135
6654,201
6655,4
6656,44
6657,85
6658,8
6659,55
6660,803
6661,0
6662,66
6663,123
6664,257
6665,38
6666,23
6667,22
6668,509
6669,0
6670,132
6671,1
6672,14
6673,37
6674,4
6675,7
6676,45
6677,7
6678,112
6679,13
6680,152
6681,17
6682,16
6683,106
6684,53
6685,124
6686,4
6687,23
6688,46
6689,7
6690,122
6691,0
6692,14
6693,5
6694,193
6695,4
6696,50
6697,74
6698,210
6699,6
6700,77
6701,0
6702,4
6703,310
6704,50
6705,11
6706,3
6707,275
6708,68
6709,2
6710,1
6711,125
6712,288
6713,80
6714,2
6715,9
6716,812
6717,61
6718,49
6719,3
6720,1
6721,4
6722,270
6723,45
6724,0
6725,1
6726,409
6727,71
6728,23
6729,62
6730,60
6731,71
6732,15
6733,7
6734,18
6735,4
6736,3
6737,53
6738,374
6739,103
6740,24
6741,814
6742,130
6743,30
6744,90
6745,15
6746,153
6747,29
6748,4
6749,66
6750,33
6751,3
6752,22
6753,97
6754,459
6755,56
6756,168
6757,4
6758,18
6759,134
6760,4
6761,16
6762,61
6763,325
6764,299
6765,138
6766,240
6767,109
6768,224
6769,45
6770,3
6771,34
6772,30
6773,1
6774,7
6775,2
6776,108
6777,2
6778,38
6779,98
6780,120
6781,99
6782,118
6783,29
6784,46
6785,39
6786,74
6787,196
6788,91
6789,134
6790,61
6791,0
6792,2
6793,75
6794,1
6795,71
6796,26
6797,32
6798,4
6799,99
6800,8
6801,37
6802,3
6803,8
6804,5
6805,8
6806,19
6807,39
6808,23
6809,8
6810,7
6811,13
6812,34
6813,33
6814,32
6815,78
6816,26
6817,9
6818,145
6819,1
6820,12
6821,43
6822,171
6823,21
6824,1
6825,158
6826,91
6827,0
6828,121
6829,0
6830,45
6831,92
6832,607
6833,258
6834,12
6835,12
6836,0
6837,150
6838,54
6839,51
6840,16
6841,316
6842,208
6843,0
6844,123
6845,71
6846,177
6847,9
6848,16
6849,5
6850,16
6851,4
6852,15
6853,1
6854,8
6855,16
6856,0
6857,0
6858,545
6859,1
6860,4
6861,46
6862,61
6863,73
6864,43
6865,5
6866,5
6867,79
6868,0
6869,302
6870,5
6871,96
6872,6
6873,46
6874,111
6875,6
6876,244
6877,11
6878,9
6879,110
6880,144
6881,73
6882,136
6883,184
6884,128
6885,72
6886,11
6887,9
6888,117
6889,108
6890,30
6891,82
6892,23
6893,88
6894,2
6895,42
6896,7
6897,77
6898,78
6899,188
6900,2
6901,8
6902,176
6903,0
6904,105
6905,148
6906,1
6907,31
6908,62
6909,4
6910,106
6911,0
6912,37
6913,54
6914,190
6915,0
6916,105
6917,127
6918,34
6919,1
6920,112
6921,8
6922,25
6923,34
6924,38
6925,57
6926,1
6927,5
6928,0
6929,518
6930,79
6931,166
6932,33
6933,1
6934,57
6935,135
6936,870
6937,5
6938,3
6939,2
6940,3
6941,22
6942,14
6943,76
6944,107
6945,51
6946,10
6947,32
6948,1
6949,65
6950,352
6951,1
6952,34
6953,28
6954,7
6955,256
6956,105
6957,7
6958,149
6959,49
6960,8
6961,1
6962,221
6963,37
6964,67
6965,6
6966,45
6967,121
6968,594
6969,1
6970,209
6971,41
6972,112
6973,12
6974,45
6975,11
6976,105
6977,280
6978,0
6979,5
6980,3
6981,4
6982,125
6983,1
6984,1
6985,198
6986,54
6987,3
6988,77
6989,123
6990,52
6991,36
6992,1
6993,56
6994,67
6995,143
6996,235
6997,34
6998,27
6999,99
7000,84
7001,615
7002,77
7003,60
7004,284
7005,76
7006,246
7007,9
7008,316
7009,29
7010,9
7011,41
7012,69
7013,113
7014,137
7015,4
7016,65
7017,7
7018,115
7019,68
7020,15
7021,12
7022,6
7023,0
7024,199
7025,4
7026,179
7027,153
7028,19
7029,7
7030,9
7031,78
7032,2
7033,49
7034,60
7035,294
7036,31
7037,4
7038,242
7039,21
7040,134
7041,4
7042,0
7043,59
7044,112
7045,79
7046,7
7047,105
7048,100
7049,6
7050,167
7051,6
7052,97
7053,22
7054,22
7055,45
7056,58
7057,6
7058,13
7059,3
7060,0
7061,29
7062,2
7063,19
7064,647
7065,54
7066,80
7067,232
7068,131
7069,86
7070,2
7071,240
7072,79
7073,2
7074,43
7075,6
7076,69
7077,192
7078,160
7079,95
7080,59
7081,34
7082,27
7083,55
7084,41
7085,65
7086,68
7087,481
7088,23
7089,44
7090,22
7091,13
7092,32
7093,32
7094,167
7095,53
7096,10
7097,28
7098,211
7099,36
7100,57
7101,33
7102,163
7103,15
7104,3
7105,3
7106,11
7107,565
7108,360
7109,66
7110,152
7111,8
7112,5
7113,2
7114,27
7115,46
7116,79
7117,51
7118,32
7119,1
7120,302
7121,64
7122,23
7123,67
7124,12
7125,33
7126,8
7127,22
7128,32
7129,114
7130,1
7131,26
7132,1
7133,49
7134,36
7135,125
7136,89
7137,34
7138,71
7139,302
7140,180
7141,94
7142,175
7143,118
7144,189
7145,6
7146,25
7147,1
7148,19
7149,175
7150,311
7151,65
7152,59
7153,4
7154,39
7155,1
7156,2
7157,61
7158,56
7159,26
7160,5
7161,81
7162,182
7163,388
7164,41
7165,1
7166,57
7167,55
7168,24
7169,433
7170,39
7171,0
7172,16
7173,6
7174,11
7175,6
7176,75
7177,172
7178,37
7179,3
7180,747
7181,1
7182,49
7183,7
7184,7
7185,152
7186,2
7187,94
7188,134
7189,916
7190,70
7191,16
7192,209
7193,157
7194,92
7195,6
7196,218
7197,1
7198,99
7199,20
7200,29
7201,242
7202,98
7203,5
7204,0
7205,0
7206,31
7207,6
7208,26
7209,139
7210,64
7211,162
7212,98
7213,282
7214,30
7215,94
7216,157
7217,8
7218,1
7219,25
7220,39
7221,15
7222,1
7223,62
7224,22
7225,131
7226,4
7227,26
7228,1537
7229,56
7230,121
7231,14
7232,30
7233,32
7234,104
7235,39
7236,49
7237,7
7238,34
7239,58
7240,119
7241,708
7242,6
7243,84
7244,28
7245,2
7246,2
7247,992
7248,25
7249,36
7250,36
7251,109
7252,2
7253,33
7254,18
7255,18
7256,196
7257,128
7258,4
7259,5
7260,1
7261,10
7262,43
7263,5
7264,94
7265,1
7266,97
7267,27
7268,29
7269,28
7270,11
7271,7
7272,152
7273,126
7274,3
7275,1
7276,1
7277,26
7278,391
7279,10
7280,1
7281,71
7282,50
7283,82
7284,29
7285,42
7286,41
7287,63
7288,4
7289,2
7290,12
7291,209
7292,150
7293,117
7294,0
7295,3
7296,462
7297,292
7298,1
7299,64
7300,95
7301,0
7302,7
7303,7
7304,2
7305,58
7306,118
7307,34
7308,76
7309,50
7310,197
7311,24
7312,6
7313,1
7314,95
7315,22
7316,87
7317,94
7318,2
7319,121
7320,2
7321,28
7322,223
7323,4
7324,2
7325,2
7326,77
7327,71
7328,51
7329,5
7330,27
7331,134
7332,41
7333,4
7334,115
7335,111
7336,166
7337,4
7338,127
7339,66
7340,42
7341,365
7342,62
7343,38
7344,3
7345,48
7346,92
7347,5
7348,3
7349,72
7350,107
7351,243
7352,0
7353,93
7354,13
7355,108
7356,58
7357,225
7358,197
7359,24
7360,3
7361,52
7362,60
7363,0
7364,9
7365,97
7366,11
7367,351
7368,3
7369,102
7370,48
7371,326
7372,0
7373,22
7374,31
7375,0
7376,166
7377,0
7378,4
7379,94
7380,105
7381,7
7382,15
7383,2
7384,147
7385,54
7386,11
7387,34
7388,79
7389,45
7390,64
7391,34
7392,70
7393,28
7394,0
7395,0
7396,27
7397,1
7398,0
7399,2
7400,121
7401,2
7402,23
7403,3
7404,74
7405,110
7406,282
7407,339
7408,74
7409,138
7410,7
7411,271
7412,53
7413,94
7414,102
7415,16
7416,12
7417,184
7418,2
7419,114
7420,32
7421,188
7422,541
7423,563
7424,53
7425,20
7426,88
7427,3
7428,11
7429,1
7430,17
7431,379
7432,6
7433,142
7434,97
7435,66
7436,360
7437,22
7438,74
7439,0
7440,2
7441,6
7442,112
7443,42
7444,0
7445,163
7446,53
7447,11
7448,4
7449,42
7450,8
7451,161
7452,6
7453,41
7454,142
7455,70
7456,135
7457,42
7458,44
7459,29
7460,0
7461,69
7462,2
7463,58
7464,7
7465,25
7466,9
7467,4
7468,5
7469,133
7470,316
7471,9
7472,10
7473,232
7474,240
7475,4
7476,485
7477,3
7478,547
7479,46
7480,42
7481,1
7482,73
7483,4
7484,94
7485,6
7486,82
7487,29
7488,37
7489,295
7490,29
7491,72
7492,97
7493,65
7494,133
7495,111
7496,15
7497,114
7498,35
7499,165
7500,164
7501,2
7502,2
7503,105
7504,0
7505,132
7506,87
7507,12
7508,31
7509,2
7510,48
7511,75
7512,6
7513,126
7514,2
7515,74
7516,10
7517,2
7518,6
7519,183
7520,6
7521,36
7522,85
7523,69
7524,130
7525,98
7526,48
7527,1
7528,70
7529,3
7530,14
7531,26
7532,4
7533,121
7534,3
7535,18
7536,62
7537,1
7538,260
7539,80
7540,24
7541,75
7542,11
7543,124
7544,3
7545,15
7546,67
7547,105
7548,2
7549,892
7550,45
7551,35
7552,46
7553,231
7554,52
7555,33
7556,107
7557,289
7558,17
7559,64
7560,6
7561,1
7562,22
7563,8
7564,234
7565,132
7566,116
7567,1
7568,9
7569,29
7570,66
7571,205
7572,339
7573,2
7574,143
7575,116
7576,190
7577,4
7578,13
7579,3
7580,53
7581,16
7582,180
7583,69
7584,56
7585,10
7586,26
7587,9
7588,84
7589,7
7590,114
7591,29
7592,331
7593,267
7594,0
7595,101
7596,3
7597,9
7598,70
7599,22
7600,3
7601,63
7602,9
7603,1
7604,165
7605,28
7606,29
7607,47
7608,6
7609,102
7610,146
7611,18
7612,24
7613,134
7614,45
7615,110
7616,11
7617,41
7618,51
7619,0
7620,103
7621,44
7622,140
7623,37
7624,191
7625,75
7626,9
7627,8
7628,9
7629,0
7630,11
7631,3
7632,192
7633,20
7634,0
7635,44
7636,1
7637,7
7638,0
7639,22
7640,19
7641,119
7642,43
7643,96
7644,247
7645,1
7646,78
7647,509
7648,33
7649,30
7650,109
7651,104
7652,31
7653,39
7654,11
7655,36
7656,66
7657,2
7658,359
7659,30
7660,2
7661,13
7662,605
7663,151
7664,286
7665,67
7666,16
7667,0
7668,2
7669,454
7670,432
7671,267
7672,190
7673,5
7674,13
7675,79
7676,4
7677,6
7678,474
7679,520
7680,615
7681,321
7682,26
7683,21
7684,140
7685,2
7686,40
7687,126
7688,0
7689,36
7690,135
7691,9
7692,178
7693,3
7694,3
7695,2
7696,38
7697,29
7698,16
7699,3
7700,77
7701,65
7702,115
7703,111
7704,19
7705,41
7706,177
7707,9
7708,2
7709,14
7710,150
7711,17
7712,3
7713,43
7714,30
7715,182
7716,0
7717,2
7718,60
7719,66
7720,4
7721,9
7722,4
7723,55
7724,107
7725,25
7726,51
7727,5
7728,187
7729,181
7730,0
7731,658
7732,55
7733,69
7734,12
7735,91
7736,54
7737,60
7738,35
7739,76
7740,150
7741,1
7742,3
7743,1
7744,39
7745,88
7746,240
7747,14
7748,3
7749,7
7750,6
7751,324
7752,7
7753,2
7754,204
7755,21
7756,10
7757,46
7758,1
7759,8
7760,59
7761,42
7762,10
7763,69
7764,6
7765,2
7766,1
7767,737
7768,341
7769,1
7770,8
7771,1
7772,86
7773,293
7774,141
7775,4
7776,68
7777,40
7778,113
7779,102
7780,5
7781,53
7782,86
7783,89
7784,4
7785,271
7786,17
7787,18
7788,63
7789,105
7790,1
7791,44
7792,17
7793,57
7794,92
7795,104
7796,28
7797,145
7798,177
7799,25
7800,2
7801,4
7802,86
7803,1
7804,5
7805,0
7806,383
7807,880
7808,59
7809,44
7810,14
7811,127
7812,10
7813,162
7814,107
7815,17
7816,66
7817,1
7818,4
7819,36
7820,130
7821,0
7822,7
7823,0
7824,66
7825,34
7826,85
7827,20
7828,24
7829,64
7830,190
7831,4
7832,7
7833,6
7834,33
7835,24
7836,114
7837,2
7838,62
7839,613
7840,244
7841,3
7842,152
7843,4
7844,3
7845,71
7846,112
7847,187
7848,48
7849,6
7850,43
7851,1
7852,5
7853,8
7854,112
7855,385
7856,85
7857,4
7858,326
7859,217
7860,129
7861,281
7862,4
7863,152
7864,22
7865,477
7866,9
7867,5
7868,56
7869,17
7870,38
7871,8
7872,8
7873,67
7874,176
7875,5
7876,19
7877,0
7878,21
7879,6
7880,153
7881,211
7882,45
7883,222
7884,315
7885,6
7886,11
7887,12
7888,36
7889,26
7890,7
7891,97
7892,23
7893,44
7894,0
7895,418
7896,12
7897,8
7898,7
7899,6
7900,52
7901,301
7902,82
7903,8
7904,40
7905,954
7906,13
7907,33
7908,62
7909,1
7910,141
7911,259
7912,2
7913,18
7914,31
7915,9
7916,119
7917,165
7918,316
7919,3
7920,10
7921,9
7922,3
7923,87
7924,2
7925,70
7926,86
7927,1
7928,218
7929,115
7930,73
7931,324
7932,141
7933,11
7934,0
7935,1
7936,96
7937,5
7938,3
7939,12
7940,53
7941,3
7942,255
7943,13
7944,41
7945,93
7946,53
7947,288
7948,212
7949,108
7950,18
7951,3
7952,27
7953,6
7954,7
7955,113
7956,12
7957,46
7958,31
7959,1
7960,202
7961,3
7962,1
7963,2
7964,5
7965,2
7966,120
7967,7
7968,19
7969,346
7970,23
7971,336
7972,19
7973,46
7974,48
7975,48
7976,21
7977,72
7978,0
7979,21
7980,520
7981,3
7982,71
7983,2
7984,2
7985,153
7986,58
7987,10
7988,252
7989,92
7990,110
7991,1
7992,23
7993,41
7994,5
7995,105
7996,111
7997,42
7998,0
7999,3
8000,12
8001,408
8002,23
8003,61
8004,114
8005,19
8006,50
8007,152
8008,167
8009,61
8010,753
8011,3
8012,40
8013,42
8014,11
8015,69
8016,26
8017,1
8018,13
8019,57
8020,13
8021,57
8022,1
8023,72
8024,0
8025,57
8026,153
8027,206
8028,127
8029,116
8030,245
8031,121
8032,1
8033,0
8034,618
8035,100
8036,34
8037,123
8038,2
8039,12
8040,4
8041,112
8042,1
8043,24
8044,8
8045,69
8046,1
8047,94
8048,4
8049,89
8050,4
8051,148
8052,66
8053,36
8054,4
8055,20
8056,74
8057,113
8058,3
8059,7
8060,3
8061,29
8062,77
8063,32
8064,134
8065,115
8066,30
8067,220
8068,17
8069,601
8070,14
8071,17
8072,143
8073,0
8074,2
8075,0
8076,1
8077,226
8078,122
8079,10
8080,5
8081,0
8082,89
8083,5
8084,150
8085,10
8086,4
8087,19
8088,2
8089,69
8090,8
8091,160
8092,302
8093,1
8094,56
8095,72
8096,133
8097,1
8098,5
8099,99
8100,590
8101,125
8102,78
8103,2
8104,1
8105,2
8106,328
8107,26
8108,21
8109,3
8110,58
8111,177
8112,11
8113,11
8114,571
8115,73
8116,7
8117,0
8118,95
8119,19
8120,124
8121,29
8122,63
8123,88
8124,0
8125,2
8126,154
8127,57
8128,2
8129,67
8130,37
8131,13
8132,24
8133,61
8134,8
8135,54
8136,62
8137,37
8138,2
8139,93
8140,149
8141,21
8142,27
8143,4
8144,48
8145,186
8146,3
8147,156
8148,1
8149,125
8150,59
8151,442
8152,29
8153,114
8154,116
8155,93
8156,107
8157,114
8158,21
8159,39
8160,76
8161,41
8162,1
8163,0
8164,29
8165,90
8166,31
8167,3
8168,54
8169,27
8170,1
8171,50
8172,9
8173,2
8174,320
8175,86
8176,0
8177,194
8178,110
8179,23
8180,33
8181,141
8182,90
8183,1
8184,19
8185,40
8186,75
8187,22
8188,9
8189,594
8190,191
8191,74
8192,1
8193,22
8194,388
8195,642
8196,127
8197,89
8198,6
8199,26
8200,6
8201,21
8202,1
8203,13
8204,96
8205,220
8206,10
8207,12
8208,0
8209,296
8210,2
8211,490
8212,2
8213,3
8214,9
8215,184
8216,6
8217,1
8218,333
8219,9
8220,563
8221,137
8222,22
8223,60
8224,103
8225,101
8226,79
8227,8
8228,71
8229,33
8230,88
8231,48
8232,119
8233,17
8234,17
8235,23
8236,337
8237,18
8238,298
8239,11
8240,4
8241,167
8242,31
8243,6
8244,171
8245,293
8246,13
8247,29
8248,143
8249,66
8250,91
8251,675
8252,19
8253,79
8254,109
8255,1
8256,1
8257,58
8258,22
8259,43
8260,8
8261,13
8262,55
8263,47
8264,1
8265,116
8266,303
8267,96
8268,11
8269,115
8270,69
8271,51
8272,15
8273,158
8274,42
8275,24
8276,58
8277,185
8278,11
8279,0
8280,55
8281,18
8282,88
8283,50
8284,4
8285,65
8286,36
8287,56
8288,6
8289,11
8290,23
8291,86
8292,3
8293,26
8294,577
8295,46
8296,242
8297,14
8298,2
8299,56
8300,1
8301,0
8302,3
8303,78
8304,69
8305,5
8306,18
8307,70
8308,55
8309,67
8310,20
8311,76
8312,3
8313,2
8314,10
8315,3
8316,14
8317,36
8318,35
8319,27
8320,99
8321,0
8322,80
8323,22
8324,116
8325,86
8326,4
8327,425
8328,110
8329,36
8330,7
8331,1
8332,17
8333,142
8334,54
8335,11
8336,5
8337,97
8338,108
8339,283
8340,217
8341,1
8342,4
8343,179
8344,29
8345,1
8346,11
8347,30
8348,1
8349,6
8350,108
8351,55
8352,1
8353,1
8354,4
8355,2
8356,54
8357,2
8358,20
8359,62
8360,0
8361,54
8362,213
8363,65
8364,0
8365,169
8366,32
8367,2
8368,93
8369,19
8370,85
8371,52
8372,0
8373,5
8374,342
8375,71
8376,2
8377,86
8378,156
8379,18
8380,4
8381,114
8382,61
8383,18
8384,164
8385,127
8386,78
8387,27
8388,30
8389,166
8390,41
8391,19
8392,408
8393,58
8394,16
8395,0
8396,175
8397,223
8398,127
8399,2
8400,27
8401,54
8402,155
8403,18
8404,52
8405,130
8406,19
8407,3
8408,4
8409,10
8410,62
8411,5
8412,54
8413,124
8414,3
8415,139
8416,381
8417,62
8418,286
8419,5
8420,2
8421,10
8422,8
8423,0
8424,129
8425,64
8426,26
8427,110
8428,163
8429,6
8430,468
8431,167
8432,15
8433,238
8434,6
8435,118
8436,459
8437,17
8438,12
8439,247
8440,604
8441,2
8442,97
8443,23
8444,79
8445,6
8446,445
8447,317
8448,220
8449,0
8450,70
8451,190
8452,39
8453,9
8454,45
8455,139
8456,44
8457,4
8458,131
8459,84
8460,169
8461,37
8462,198
8463,80
8464,234
8465,325
8466,37
8467,85
8468,3
8469,1
8470,61
8471,12
8472,19
8473,150
8474,87
8475,4
8476,126
8477,160
8478,4
8479,276
8480,121
8481,6
8482,57
8483,62
8484,3
8485,6
8486,151
8487,64
8488,674
8489,4
8490,51
8491,463
8492,51
8493,1
8494,143
8495,74
8496,14
8497,434
8498,4
8499,102
8500,25
8501,21
8502,25
8503,103
8504,220
8505,2
8506,4
8507,4
8508,1
8509,335
8510,0
8511,55
8512,82
8513,5
8514,212
8515,17
8516,134
8517,0
8518,40
8519,39
8520,4
8521,13
8522,151
8523,399
8524,477
8525,27
8526,13
8527,8
8528,28
8529,62
8530,111
8531,126
8532,198
8533,46
8534,7
8535,83
8536,51
8537,386
8538,122
8539,10
8540,92
8541,331
8542,123
8543,0
8544,27
8545,37
8546,195
8547,3
8548,12
8549,3
8550,39
8551,12
8552,10
8553,21
8554,78
8555,91
8556,7
8557,1
8558,207
8559,0
8560,207
8561,2
8562,546
8563,5
8564,16
8565,45
8566,5
8567,2
8568,51
8569,435
8570,12
8571,83
8572,3
8573,18
8574,160
8575,21
8576,7
8577,9
8578,96
8579,59
8580,7
8581,0
8582,108
8583,4
8584,417
8585,38
8586,1
8587,27
8588,9
8589,20
8590,426
8591,74
8592,3
8593,116
8594,2
8595,80
8596,1
8597,103
8598,2
8599,94
8600,38
8601,79
8602,9
8603,19
8604,418
8605,383
8606,23
8607,55
8608,5
8609,35
8610,39
8611,195
8612,9
8613,1
8614,2
8615,11
8616,4
8617,74
8618,2
8619,144
8620,1
8621,60
8622,120
8623,1
8624,38
8625,140
8626,1
8627,33
8628,462
8629,49
8630,361
8631,52
8632,174
8633,105
8634,0
8635,151
8636,2
8637,25
8638,8
8639,56
8640,73
8641,0
8642,27
8643,82
8644,58
8645,127
8646,45
8647,8
8648,13
8649,15
8650,3
8651,6
8652,1
8653,64
8654,54
8655,0
8656,170
8657,7
8658,12
8659,26
8660,70
8661,0
8662,2
8663,3
8664,1
8665,2
8666,3
8667,238
8668,4
8669,220
8670,232
8671,406
8672,14
8673,5
8674,65
8675,7
8676,3
8677,35
8678,20
8679,4
8680,18
8681,58
8682,98
8683,0
8684,30
8685,269
8686,0
8687,1
8688,88
8689,88
8690,363
8691,54
8692,4
8693,8
8694,4
8695,79
8696,191
8697,181
8698,11
8699,88
8700,0
8701,125
8702,48
8703,40
8704,20
8705,192
8706,491
8707,2
8708,124
8709,17
8710,27
8711,198
8712,4
8713,711
8714,72
8715,3
8716,0
8717,155
8718,1
8719,26
8720,49
8721,0
8722,31
8723,16
8724,160
8725,83
8726,258
8727,56
8728,22
8729,270
8730,23
8731,0
8732,2
8733,956
8734,9
8735,5
8736,8
8737,37
8738,10
8739,99
8740,17
8741,20
8742,1
8743,4
8744,4
8745,369
8746,6
8747,4
8748,0
8749,1
8750,7
8751,4
8752,2
8753,113
8754,3
8755,4
8756,28
8757,45
8758,129
8759,1
8760,4
8761,68
8762,150
8763,96
8764,31
8765,3
8766,54
8767,59
8768,7
8769,47
8770,11
8771,33
8772,0
8773,138
8774,5
8775,7
8776,485
8777,393
8778,57
8779,45
8780,3
8781,10
8782,235
8783,5
8784,4
8785,252
8786,4
8787,59
8788,1
8789,184
8790,86
8791,2
8792,0
8793,7
8794,166
8795,48
8796,1
8797,2
8798,12
8799,6
8800,230
8801,6
8802,31
8803,62
8804,69
8805,31
8806,273
8807,7
8808,48
8809,3
8810,445
8811,78
8812,0
8813,196
8814,3
8815,58
8816,174
8817,39
8818,87
8819,43
8820,8
8821,84
8822,6
8823,350
8824,0
8825,7
8826,77
8827,1038
8828,132
8829,0
8830,8
8831,0
8832,189
8833,260
8834,35
8835,7
8836,18
8837,86
8838,112
8839,5
8840,5
8841,139
8842,45
8843,49
8844,1
8845,515
8846,228
8847,29
8848,36
8849,31
8850,200
8851,87
8852,182
8853,159
8854,3
8855,27
8856,171
8857,93
8858,619
8859,261
8860,0
8861,131
8862,155
8863,77
8864,2
8865,56
8866,0
8867,276
8868,97
8869,36
8870,14
8871,2
8872,83
8873,104
8874,39
8875,3
8876,61
8877,97
8878,72
8879,56
8880,248
8881,78
8882,3
8883,10
8884,117
8885,338
8886,29
8887,0
8888,3
8889,20
8890,14
8891,67
8892,7
8893,37
8894,5
8895,310
8896,1
8897,30
8898,90
8899,43
8900,1
8901,3
8902,417
8903,1
8904,6
8905,20
8906,65
8907,20
8908,115
8909,48
8910,96
8911,2
8912,12
8913,82
8914,11
8915,11
8916,9
8917,300
8918,42
8919,338
8920,41
8921,93
8922,117
8923,602
8924,78
8925,56
8926,2
8927,226
8928,72
8929,163
8930,3
8931,6
8932,25
8933,71
8934,285
8935,3
8936,62
8937,13
8938,112
8939,2
8940,5
8941,129
8942,17
8943,228
8944,7
8945,45
8946,5
8947,27
8948,91
8949,7
8950,2
8951,4
8952,12
8953,13
8954,1
8955,71
8956,44
8957,237
8958,3
8959,172
8960,4
8961,91
8962,1
8963,14
8964,23
8965,97
8966,207
8967,30
8968,56
8969,6
8970,109
8971,32
8972,37
8973,23
8974,92
8975,11
8976,3
8977,38
8978,113
8979,15
8980,83
8981,28
8982,178
8983,157
8984,34
8985,83
8986,4
8987,309
8988,72
8989,0
8990,10
8991,81
8992,194
8993,26
8994,96
8995,87
8996,1
8997,20
8998,434
8999,91
9000,42
9001,0
9002,235
9003,1
9004,33
9005,14
9006,23
