,predicciones_catboost_pw
0,89
1,132
2,23
3,8
4,82
5,193
6,113
7,1
8,4
9,100
10,1
11,35
12,5
13,0
14,222
15,239
16,68
17,34
18,22
19,125
20,196
21,0
22,47
23,0
24,64
25,6
26,4
27,0
28,89
29,36
30,1
31,20
32,1
33,15
34,41
35,46
36,10
37,187
38,110
39,133
40,6
41,2
42,689
43,124
44,16
45,56
46,0
47,20
48,4
49,69
50,17
51,174
52,0
53,14
54,37
55,8
56,50
57,0
58,1
59,1
60,305
61,52
62,337
63,38
64,104
65,0
66,0
67,79
68,91
69,36
70,1
71,139
72,84
73,0
74,56
75,10
76,1
77,7
78,2
79,6
80,80
81,83
82,67
83,2
84,0
85,133
86,22
87,0
88,0
89,14
90,58
91,73
92,581
93,81
94,126
95,37
96,0
97,11
98,87
99,2
100,11
101,285
102,7
103,1
104,4
105,3
106,122
107,71
108,22
109,21
110,11
111,2
112,29
113,343
114,3
115,11
116,9
117,33
118,67
119,113
120,25
121,45
122,904
123,291
124,2
125,0
126,2
127,8
128,4
129,159
130,24
131,25
132,1
133,57
134,18
135,3
136,3
137,126
138,0
139,43
140,65
141,48
142,3
143,81
144,3
145,25
146,34
147,55
148,17
149,77
150,62
151,20
152,1
153,20
154,1
155,1
156,142
157,1
158,0
159,45
160,67
161,29
162,2
163,0
164,4
165,0
166,22
167,143
168,10
169,38
170,8
171,80
172,25
173,55
174,74
175,12
176,4
177,131
178,173
179,169
180,1
181,75
182,43
183,21
184,37
185,116
186,19
187,536
188,48
189,374
190,0
191,62
192,10
193,71
194,374
195,53
196,562
197,25
198,52
199,10
200,157
201,145
202,62
203,165
204,36
205,16
206,22
207,0
208,92
209,1
210,32
211,70
212,18
213,192
214,43
215,41
216,19
217,187
218,55
219,102
220,270
221,2
222,0
223,24
224,3
225,24
226,43
227,72
228,65
229,120
230,53
231,1
232,90
233,84
234,33
235,2
236,47
237,10
238,81
239,114
240,17
241,55
242,222
243,72
244,718
245,26
246,251
247,18
248,119
249,0
250,2
251,2
252,107
253,72
254,2
255,9
256,28
257,24
258,56
259,29
260,3
261,11
262,174
263,22
264,2
265,65
266,160
267,126
268,1
269,9
270,87
271,10
272,3
273,50
274,288
275,350
276,46
277,93
278,16
279,20
280,0
281,1
282,0
283,62
284,14
285,1
286,121
287,3
288,22
289,5
290,12
291,92
292,179
293,5
294,36
295,21
296,1
297,85
298,102
299,89
300,5
301,39
302,4
303,35
304,80
305,2
306,1
307,29
308,18
309,3
310,47
311,190
312,29
313,46
314,28
315,41
316,31
317,14
318,24
319,725
320,45
321,9
322,117
323,1
324,17
325,3
326,1
327,17
328,94
329,86
330,1000
331,51
332,37
333,1
334,83
335,48
336,13
337,11
338,8
339,20
340,65
341,22
342,150
343,1
344,41
345,12
346,40
347,6
348,63
349,135
350,6
351,29
352,51
353,263
354,3
355,6
356,18
357,63
358,58
359,82
360,8
361,64
362,58
363,0
364,1
365,181
366,1
367,21
368,17
369,10
370,75
371,84
372,25
373,1
374,112
375,1
376,43
377,4
378,6
379,0
380,4
381,94
382,19
383,101
384,131
385,0
386,176
387,37
388,15
389,1
390,2
391,5
392,2
393,1
394,17
395,46
396,34
397,37
398,91
399,1
400,38
401,67
402,290
403,62
404,110
405,67
406,145
407,45
408,12
409,14
410,234
411,1
412,43
413,12
414,247
415,398
416,1
417,89
418,0
419,99
420,4
421,0
422,73
423,85
424,3
425,411
426,42
427,6
428,73
429,32
430,54
431,247
432,17
433,129
434,6
435,28
436,137
437,546
438,82
439,1
440,13
441,10
442,0
443,88
444,175
445,106
446,1
447,8
448,8
449,70
450,7
451,2
452,109
453,4
454,98
455,2
456,29
457,5
458,13
459,14
460,31
461,195
462,1
463,1
464,29
465,171
466,4
467,1
468,44
469,33
470,181
471,6
472,327
473,41
474,1
475,50
476,12
477,21
478,79
479,8
480,2
481,36
482,53
483,30
484,49
485,0
486,28
487,52
488,4
489,4
490,136
491,9
492,15
493,51
494,31
495,1
496,11
497,9
498,43
499,74
500,98
501,68
502,0
503,48
504,215
505,59
506,9
507,8
508,42
509,63
510,8
511,0
512,164
513,14
514,96
515,11
516,236
517,58
518,96
519,1
520,79
521,1
522,23
523,69
524,6
525,99
526,5
527,95
528,3
529,56
530,36
531,131
532,69
533,1
534,0
535,39
536,171
537,60
538,87
539,61
540,25
541,60
542,7
543,8
544,103
545,28
546,9
547,110
548,6
549,10
550,31
551,96
552,16
553,22
554,148
555,13
556,5
557,2
558,18
559,30
560,100
561,122
562,44
563,4
564,0
565,87
566,157
567,66
568,77
569,27
570,1
571,91
572,41
573,225
574,26
575,13
576,19
577,23
578,0
579,0
580,33
581,1
582,22
583,7
584,1
585,20
586,42
587,141
588,33
589,11
590,550
591,50
592,2
593,75
594,26
595,190
596,274
597,10
598,50
599,184
600,53
601,1
602,1
603,25
604,2
605,1
606,2
607,53
608,45
609,0
610,7
611,24
612,0
613,66
614,73
615,63
616,23
617,1
618,96
619,254
620,57
621,1
622,103
623,13
624,454
625,209
626,13
627,16
628,8
629,73
630,3
631,62
632,12
633,48
634,2
635,58
636,7
637,22
638,2
639,222
640,1
641,16
642,2
643,9
644,38
645,149
646,78
647,0
648,97
649,4
650,49
651,4
652,28
653,82
654,58
655,3
656,2
657,10
658,75
659,106
660,81
661,2
662,19
663,86
664,119
665,0
666,50
667,4
668,58
669,1
670,3
671,2
672,76
673,19
674,229
675,54
676,76
677,93
678,1
679,6
680,35
681,7
682,113
683,313
684,10
685,0
686,0
687,39
688,40
689,4
690,63
691,23
692,0
693,1
694,1
695,116
696,116
697,8
698,449
699,0
700,23
701,3
702,10
703,63
704,241
705,58
706,17
707,43
708,63
709,128
710,5
711,15
712,1
713,20
714,2
715,56
716,142
717,65
718,16
719,26
720,4
721,79
722,84
723,66
724,2
725,58
726,14
727,93
728,1
729,1
730,23
731,352
732,4
733,74
734,3
735,41
736,8
737,164
738,60
739,0
740,89
741,0
742,24
743,100
744,41
745,0
746,14
747,19
748,8
749,230
750,33
751,58
752,13
753,74
754,20
755,102
756,8
757,265
758,93
759,0
760,375
761,1
762,117
763,161
764,24
765,121
766,28
767,0
768,34
769,33
770,14
771,20
772,1
773,11
774,23
775,2
776,3
777,46
778,9
779,0
780,174
781,53
782,57
783,1
784,84
785,2
786,102
787,127
788,9
789,143
790,54
791,27
792,30
793,0
794,27
795,111
796,7
797,204
798,3
799,61
800,1
801,1
802,2
803,39
804,47
805,9
806,58
807,89
808,13
809,49
810,56
811,6
812,83
813,20
814,252
815,119
816,95
817,91
818,10
819,19
820,63
821,95
822,134
823,55
824,62
825,126
826,54
827,30
828,54
829,0
830,2
831,21
832,54
833,1
834,1
835,160
836,34
837,2
838,210
839,14
840,11
841,295
842,77
843,8
844,1
845,8
846,3
847,79
848,0
849,29
850,158
851,57
852,76
853,200
854,59
855,2
856,46
857,7
858,17
859,9
860,60
861,374
862,3
863,16
864,11
865,0
866,6
867,0
868,224
869,17
870,57
871,81
872,224
873,0
874,1
875,80
876,89
877,50
878,1
879,60
880,195
881,63
882,0
883,2
884,5
885,31
886,0
887,278
888,0
889,37
890,3
891,0
892,2
893,92
894,123
895,37
896,0
897,12
898,45
899,25
900,26
901,8
902,68
903,5
904,1
905,25
906,53
907,60
908,21
909,0
910,89
911,3
912,5
913,2
914,7
915,107
916,50
917,3
918,0
919,3
920,154
921,44
922,8
923,45
924,71
925,0
926,11
927,89
928,7
929,0
930,37
931,64
932,39
933,67
934,35
935,20
936,57
937,2
938,28
939,28
940,18
941,327
942,34
943,82
944,231
945,3
946,20
947,8
948,149
949,0
950,13
951,5
952,35
953,109
954,2
955,3
956,52
957,3
958,42
959,74
960,87
961,16
962,38
963,40
964,55
965,7
966,15
967,5
968,36
969,35
970,113
971,48
972,885
973,1
974,26
975,5
976,44
977,0
978,26
979,27
980,162
981,3
982,7
983,22
984,3
985,8
986,379
987,43
988,12
989,25
990,82
991,38
992,15
993,28
994,361
995,3
996,26
997,0
998,0
999,68
1000,0
1001,32
1002,24
1003,198
1004,84
1005,75
1006,106
1007,51
1008,40
1009,84
1010,1
1011,6
1012,1
1013,9
1014,0
1015,182
1016,44
1017,1
1018,108
1019,75
1020,4
1021,10
1022,1122
1023,102
1024,2
1025,31
1026,51
1027,19
1028,100
1029,6
1030,17
1031,28
1032,16
1033,28
1034,65
1035,151
1036,0
1037,64
1038,4
1039,104
1040,12
1041,14
1042,101
1043,5
1044,107
1045,70
1046,41
1047,10
1048,27
1049,21
1050,101
1051,19
1052,77
1053,889
1054,129
1055,0
1056,26
1057,5
1058,1
1059,136
1060,19
1061,9
1062,0
1063,1
1064,21
1065,0
1066,517
1067,1
1068,157
1069,22
1070,0
1071,1
1072,2
1073,12
1074,437
1075,20
1076,68
1077,4
1078,61
1079,145
1080,2
1081,51
1082,92
1083,39
1084,1
1085,18
1086,40
1087,327
1088,8
1089,83
1090,2
1091,482
1092,16
1093,16
1094,22
1095,6
1096,2
1097,22
1098,4
1099,82
1100,58
1101,66
1102,9
1103,129
1104,50
1105,105
1106,2
1107,84
1108,45
1109,11
1110,99
1111,0
1112,145
1113,4
1114,85
1115,222
1116,7
1117,5
1118,50
1119,6
1120,140
1121,2
1122,127
1123,152
1124,88
1125,7
1126,2
1127,8
1128,2
1129,26
1130,2
1131,56
1132,9
1133,274
1134,135
1135,467
1136,2
1137,62
1138,30
1139,2
1140,32
1141,307
1142,62
1143,68
1144,13
1145,70
1146,0
1147,50
1148,12
1149,0
1150,4
1151,49
1152,183
1153,21
1154,40
1155,381
1156,4
1157,21
1158,75
1159,45
1160,2
1161,48
1162,93
1163,43
1164,133
1165,19
1166,89
1167,1
1168,73
1169,33
1170,2
1171,5
1172,2
1173,136
1174,95
1175,63
1176,18
1177,241
1178,17
1179,52
1180,0
1181,2
1182,39
1183,0
1184,16
1185,57
1186,13
1187,33
1188,5
1189,1
1190,135
1191,3
1192,457
1193,105
1194,25
1195,254
1196,41
1197,5
1198,9
1199,19
1200,10
1201,3
1202,14
1203,4
1204,5
1205,62
1206,3
1207,28
1208,26
1209,9
1210,0
1211,0
1212,370
1213,0
1214,152
1215,10
1216,34
1217,42
1218,52
1219,17
1220,1
1221,20
1222,35
1223,143
1224,2
1225,140
1226,1
1227,0
1228,18
1229,66
1230,4
1231,2
1232,31
1233,1
1234,34
1235,0
1236,24
1237,26
1238,15
1239,20
1240,0
1241,166
1242,77
1243,355
1244,2
1245,39
1246,92
1247,1
1248,36
1249,6
1250,123
1251,26
1252,27
1253,33
1254,18
1255,10
1256,35
1257,2
1258,1
1259,123
1260,319
1261,25
1262,0
1263,19
1264,7
1265,65
1266,0
1267,4
1268,88
1269,45
1270,46
1271,18
1272,2
1273,129
1274,28
1275,12
1276,72
1277,99
1278,36
1279,7
1280,6
1281,0
1282,29
1283,119
1284,107
1285,12
1286,132
1287,46
1288,327
1289,0
1290,49
1291,12
1292,6
1293,37
1294,62
1295,169
1296,2
1297,18
1298,1
1299,101
1300,56
1301,40
1302,5
1303,1
1304,20
1305,25
1306,173
1307,71
1308,2
1309,50
1310,8
1311,2
1312,2
1313,64
1314,17
1315,1
1316,16
1317,6
1318,76
1319,13
1320,22
1321,37
1322,46
1323,14
1324,24
1325,42
1326,33
1327,23
1328,7
1329,1
1330,48
1331,11
1332,0
1333,42
1334,110
1335,19
1336,94
1337,107
1338,144
1339,87
1340,14
1341,91
1342,24
1343,76
1344,94
1345,7
1346,105
1347,146
1348,34
1349,116
1350,34
1351,28
1352,61
1353,1
1354,40
1355,0
1356,44
1357,131
1358,9
1359,65
1360,324
1361,145
1362,343
1363,38
1364,3
1365,7
1366,31
1367,5
1368,82
1369,47
1370,23
1371,143
1372,10
1373,1
1374,96
1375,123
1376,20
1377,65
1378,92
1379,11
1380,2
1381,154
1382,89
1383,91
1384,7
1385,104
1386,451
1387,72
1388,10
1389,94
1390,105
1391,7
1392,19
1393,0
1394,51
1395,35
1396,36
1397,0
1398,65
1399,9
1400,0
1401,136
1402,56
1403,56
1404,67
1405,5
1406,35
1407,0
1408,7
1409,1
1410,22
1411,24
1412,1
1413,1
1414,122
1415,65
1416,45
1417,104
1418,24
1419,215
1420,51
1421,49
1422,91
1423,1
1424,56
1425,286
1426,8
1427,8
1428,5
1429,35
1430,63
1431,31
1432,41
1433,14
1434,7
1435,41
1436,29
1437,14
1438,0
1439,70
1440,19
1441,37
1442,0
1443,11
1444,87
1445,12
1446,366
1447,17
1448,5
1449,78
1450,269
1451,0
1452,150
1453,117
1454,38
1455,9
1456,9
1457,7
1458,2
1459,0
1460,90
1461,83
1462,80
1463,22
1464,1
1465,2
1466,22
1467,602
1468,5
1469,0
1470,37
1471,80
1472,36
1473,1
1474,0
1475,183
1476,18
1477,17
1478,6
1479,167
1480,9
1481,1
1482,39
1483,2
1484,3
1485,3
1486,46
1487,2
1488,71
1489,128
1490,0
1491,7
1492,90
1493,52
1494,13
1495,14
1496,101
1497,76
1498,541
1499,23
1500,39
1501,271
1502,219
1503,94
1504,34
1505,10
1506,218
1507,26
1508,7
1509,10
1510,9
1511,73
1512,2
1513,0
1514,258
1515,5
1516,65
1517,1
1518,499
1519,4
1520,8
1521,1
1522,2
1523,15
1524,28
1525,14
1526,198
1527,2
1528,11
1529,16
1530,4
1531,25
1532,3
1533,129
1534,78
1535,47
1536,158
1537,16
1538,9
1539,60
1540,7
1541,45
1542,1
1543,66
1544,2
1545,43
1546,94
1547,67
1548,12
1549,117
1550,245
1551,3
1552,64
1553,2
1554,85
1555,21
1556,0
1557,53
1558,1
1559,3
1560,16
1561,1
1562,58
1563,83
1564,116
1565,33
1566,18
1567,65
1568,2
1569,69
1570,2
1571,143
1572,103
1573,0
1574,1
1575,0
1576,27
1577,112
1578,326
1579,9
1580,4
1581,163
1582,1
1583,162
1584,143
1585,132
1586,59
1587,40
1588,5
1589,4
1590,60
1591,0
1592,0
1593,105
1594,202
1595,11
1596,7
1597,40
1598,0
1599,49
1600,101
1601,16
1602,85
1603,27
1604,10
1605,48
1606,200
1607,9
1608,286
1609,2
1610,45
1611,2
1612,245
1613,0
1614,13
1615,8
1616,6
1617,49
1618,57
1619,77
1620,161
1621,45
1622,13
1623,175
1624,85
1625,165
1626,12
1627,83
1628,85
1629,45
1630,26
1631,1
1632,84
1633,85
1634,0
1635,47
1636,25
1637,88
1638,2
1639,30
1640,76
1641,78
1642,223
1643,0
1644,350
1645,154
1646,0
1647,53
1648,32
1649,3
1650,33
1651,2
1652,71
1653,29
1654,4
1655,9
1656,5
1657,5
1658,70
1659,44
1660,165
1661,121
1662,10
1663,0
1664,5
1665,64
1666,0
1667,35
1668,1
1669,65
1670,55
1671,682
1672,7
1673,279
1674,11
1675,40
1676,14
1677,10
1678,104
1679,2
1680,34
1681,13
1682,49
1683,159
1684,16
1685,518
1686,96
1687,12
1688,47
1689,34
1690,1
1691,120
1692,1
1693,132
1694,67
1695,61
1696,15
1697,5
1698,0
1699,1
1700,16
1701,42
1702,117
1703,78
1704,98
1705,2
1706,50
1707,87
1708,0
1709,8
1710,1
1711,49
1712,45
1713,134
1714,113
1715,1
1716,4
1717,1
1718,39
1719,3
1720,3
1721,2
1722,0
1723,168
1724,32
1725,13
1726,89
1727,4
1728,80
1729,173
1730,0
1731,227
1732,34
1733,23
1734,7
1735,6
1736,0
1737,48
1738,43
1739,20
1740,95
1741,39
1742,573
1743,64
1744,55
1745,8
1746,3
1747,19
1748,1
1749,10
1750,13
1751,2
1752,50
1753,6
1754,17
1755,217
1756,96
1757,77
1758,17
1759,164
1760,9
1761,10
1762,50
1763,1
1764,3
1765,10
1766,6
1767,35
1768,1
1769,59
1770,72
1771,0
1772,26
1773,54
1774,94
1775,39
1776,23
1777,15
1778,45
1779,179
1780,266
1781,1
1782,33
1783,12
1784,3
1785,15
1786,65
1787,61
1788,0
1789,23
1790,56
1791,1
1792,150
1793,53
1794,32
1795,168
1796,69
1797,101
1798,95
1799,94
1800,155
1801,1
1802,9
1803,22
1804,0
1805,32
1806,54
1807,82
1808,0
1809,118
1810,1
1811,4
1812,3
1813,2
1814,13
1815,36
1816,114
1817,71
1818,12
1819,19
1820,59
1821,7
1822,110
1823,634
1824,9
1825,39
1826,1
1827,3
1828,26
1829,64
1830,121
1831,2
1832,2
1833,2
1834,212
1835,13
1836,203
1837,54
1838,49
1839,0
1840,0
1841,8
1842,38
1843,89
1844,37
1845,2
1846,47
1847,51
1848,5
1849,1
1850,81
1851,19
1852,24
1853,0
1854,14
1855,61
1856,2
1857,15
1858,23
1859,66
1860,33
1861,235
1862,97
1863,21
1864,5
1865,9
1866,0
1867,120
1868,80
1869,164
1870,1041
1871,6
1872,65
1873,77
1874,109
1875,8
1876,1
1877,281
1878,1
1879,28
1880,2
1881,44
1882,43
1883,1
1884,0
1885,121
1886,126
1887,37
1888,0
1889,2
1890,12
1891,81
1892,7
1893,66
1894,97
1895,423
1896,93
1897,49
1898,228
1899,54
1900,92
1901,102
1902,7
1903,37
1904,86
1905,62
1906,3
1907,5
1908,53
1909,1
1910,68
1911,17
1912,8
1913,59
1914,79
1915,38
1916,215
1917,11
1918,57
1919,124
1920,1
1921,331
1922,44
1923,9
1924,56
1925,44
1926,77
1927,11
1928,9
1929,35
1930,0
1931,3
1932,460
1933,0
1934,45
1935,0
1936,3
1937,27
1938,5
1939,58
1940,10
1941,1
1942,15
1943,19
1944,1
1945,341
1946,83
1947,68
1948,64
1949,13
1950,140
1951,40
1952,29
1953,13
1954,5
1955,81
1956,3
1957,26
1958,37
1959,36
1960,17
1961,23
1962,88
1963,8
1964,22
1965,2
1966,327
1967,77
1968,0
1969,24
1970,3
1971,1
1972,52
1973,99
1974,47
1975,25
1976,4
1977,62
1978,3
1979,6
1980,140
1981,151
1982,66
1983,21
1984,88
1985,57
1986,9
1987,0
1988,80
1989,357
1990,70
1991,22
1992,52
1993,10
1994,51
1995,17
1996,0
1997,33
1998,0
1999,1
2000,43
2001,4
2002,71
2003,45
2004,80
2005,42
2006,51
2007,25
2008,103
2009,2
2010,78
2011,156
2012,59
2013,365
2014,24
2015,7
2016,368
2017,2
2018,30
2019,28
2020,67
2021,149
2022,6
2023,8
2024,0
2025,113
2026,30
2027,6
2028,20
2029,52
2030,16
2031,38
2032,129
2033,487
2034,40
2035,23
2036,40
2037,253
2038,69
2039,1
2040,20
2041,112
2042,9
2043,67
2044,11
2045,84
2046,2
2047,1
2048,17
2049,6
2050,1
2051,2
2052,1
2053,68
2054,247
2055,0
2056,13
2057,1140
2058,10
2059,37
2060,54
2061,107
2062,22
2063,43
2064,47
2065,13
2066,0
2067,153
2068,70
2069,101
2070,34
2071,36
2072,98
2073,25
2074,31
2075,44
2076,0
2077,7
2078,1
2079,3
2080,107
2081,19
2082,1
2083,31
2084,145
2085,184
2086,88
2087,6
2088,124
2089,96
2090,151
2091,0
2092,26
2093,31
2094,144
2095,9
2096,1
2097,40
2098,18
2099,5
2100,107
2101,6
2102,32
2103,1
2104,109
2105,6
2106,5
2107,106
2108,0
2109,0
2110,23
2111,168
2112,38
2113,23
2114,259
2115,125
2116,15
2117,68
2118,5
2119,9
2120,2
2121,0
2122,37
2123,575
2124,13
2125,112
2126,104
2127,10
2128,2
2129,19
2130,8
2131,6
2132,42
2133,68
2134,15
2135,88
2136,32
2137,17
2138,63
2139,246
2140,93
2141,87
2142,73
2143,7
2144,5
2145,111
2146,134
2147,43
2148,5
2149,9
2150,5
2151,70
2152,17
2153,0
2154,119
2155,94
2156,2
2157,2
2158,6
2159,35
2160,46
2161,6
2162,28
2163,1
2164,53
2165,29
2166,83
2167,70
2168,2
2169,113
2170,84
2171,2
2172,63
2173,26
2174,37
2175,8
2176,1163
2177,32
2178,27
2179,46
2180,0
2181,3
2182,66
2183,479
2184,2
2185,4
2186,6
2187,2
2188,36
2189,8
2190,22
2191,89
2192,2
2193,0
2194,462
2195,214
2196,4
2197,158
2198,55
2199,42
2200,4
2201,162
2202,192
2203,50
2204,67
2205,131
2206,100
2207,0
2208,64
2209,175
2210,353
2211,694
2212,169
2213,6
2214,39
2215,10
2216,5
2217,40
2218,189
2219,1
2220,28
2221,33
2222,82
2223,23
2224,142
2225,23
2226,9
2227,0
2228,11
2229,10
2230,36
2231,62
2232,1
2233,8
2234,4
2235,4
2236,32
2237,49
2238,29
2239,104
2240,365
2241,0
2242,25
2243,3
2244,18
2245,25
2246,88
2247,5
2248,177
2249,18
2250,8
2251,21
2252,11
2253,2
2254,2
2255,2
2256,54
2257,54
2258,38
2259,8
2260,6
2261,3
2262,37
2263,6
2264,2
2265,118
2266,19
2267,266
2268,18
2269,61
2270,6
2271,201
2272,20
2273,70
2274,98
2275,14
2276,30
2277,526
2278,9
2279,89
2280,65
2281,18
2282,20
2283,2
2284,7
2285,600
2286,5
2287,11
2288,6
2289,47
2290,107
2291,71
2292,372
2293,19
2294,26
2295,12
2296,7
2297,83
2298,1
2299,132
2300,8
2301,17
2302,9
2303,97
2304,291
2305,8
2306,43
2307,29
2308,106
2309,2
2310,12
2311,4
2312,11
2313,8
2314,17
2315,10
2316,23
2317,1
2318,55
2319,39
2320,8
2321,6
2322,0
2323,0
2324,22
2325,252
2326,167
2327,236
2328,7
2329,38
2330,21
2331,28
2332,83
2333,55
2334,34
2335,140
2336,44
2337,0
2338,5
2339,33
2340,7
2341,8
2342,2
2343,12
2344,0
2345,0
2346,34
2347,104
2348,26
2349,16
2350,1
2351,9
2352,65
2353,4
2354,31
2355,46
2356,0
2357,19
2358,23
2359,222
2360,49
2361,90
2362,12
2363,268
2364,35
2365,26
2366,5
2367,2
2368,56
2369,37
2370,9
2371,11
2372,31
2373,56
2374,77
2375,12
2376,21
2377,8
2378,63
2379,3
2380,48
2381,20
2382,0
2383,40
2384,9
2385,39
2386,1
2387,3
2388,9
2389,1
2390,44
2391,3
2392,16
2393,21
2394,2
2395,228
2396,13
2397,1
2398,37
2399,348
2400,8
2401,68
2402,50
2403,48
2404,4
2405,412
2406,54
2407,91
2408,1
2409,58
2410,1
2411,24
2412,24
2413,2
2414,20
2415,75
2416,28
2417,59
2418,88
2419,47
2420,2
2421,3
2422,52
2423,0
2424,35
2425,66
2426,2
2427,0
2428,1
2429,9
2430,6
2431,20
2432,120
2433,36
2434,23
2435,3
2436,4
2437,51
2438,7
2439,70
2440,26
2441,4
2442,54
2443,11
2444,45
2445,16
2446,39
2447,6
2448,2
2449,17
2450,49
2451,62
2452,6
2453,9
2454,41
2455,9
2456,42
2457,34
2458,6
2459,391
2460,0
2461,68
2462,70
2463,58
2464,0
2465,33
2466,7
2467,221
2468,30
2469,0
2470,8
2471,14
2472,9
2473,111
2474,8
2475,5
2476,240
2477,4
2478,106
2479,2
2480,39
2481,28
2482,5
2483,0
2484,64
2485,22
2486,0
2487,57
2488,60
2489,3
2490,1
2491,41
2492,0
2493,4
2494,22
2495,9
2496,11
2497,51
2498,7
2499,44
2500,95
2501,53
2502,4
2503,75
2504,45
2505,47
2506,56
2507,19
2508,10
2509,30
2510,63
2511,114
2512,91
2513,17
2514,24
2515,0
2516,0
2517,58
2518,32
2519,74
2520,17
2521,24
2522,6
2523,10
2524,141
2525,238
2526,33
2527,0
2528,2
2529,3
2530,257
2531,1
2532,6
2533,0
2534,106
2535,78
2536,25
2537,29
2538,177
2539,57
2540,3
2541,29
2542,54
2543,3
2544,338
2545,1
2546,24
2547,1
2548,17
2549,8
2550,80
2551,37
2552,32
2553,188
2554,225
2555,5
2556,0
2557,70
2558,1
2559,23
2560,40
2561,146
2562,221
2563,52
2564,7
2565,107
2566,23
2567,41
2568,8
2569,72
2570,93
2571,10
2572,139
2573,482
2574,150
2575,44
2576,2
2577,77
2578,87
2579,77
2580,232
2581,1
2582,1
2583,0
2584,0
2585,2
2586,1
2587,15
2588,61
2589,13
2590,15
2591,14
2592,34
2593,208
2594,76
2595,147
2596,4
2597,8
2598,1
2599,25
2600,7
2601,112
2602,18
2603,0
2604,7
2605,8
2606,5
2607,0
2608,8
2609,59
2610,63
2611,3
2612,70
2613,40
2614,82
2615,56
2616,70
2617,58
2618,193
2619,186
2620,24
2621,2
2622,7
2623,63
2624,17
2625,0
2626,105
2627,10
2628,98
2629,30
2630,12
2631,59
2632,0
2633,47
2634,8
2635,83
2636,32
2637,11
2638,2
2639,105
2640,34
2641,71
2642,14
2643,0
2644,0
2645,27
2646,48
2647,0
2648,10
2649,0
2650,57
2651,12
2652,16
2653,8
2654,15
2655,31
2656,0
2657,4
2658,5
2659,14
2660,109
2661,5
2662,73
2663,4
2664,11
2665,4
2666,75
2667,54
2668,3
2669,6
2670,0
2671,1
2672,26
2673,13
2674,27
2675,0
2676,416
2677,5
2678,398
2679,82
2680,29
2681,1
2682,1
2683,35
2684,102
2685,54
2686,125
2687,2
2688,37
2689,16
2690,150
2691,122
2692,1
2693,4
2694,8
2695,63
2696,3
2697,20
2698,79
2699,155
2700,0
2701,102
2702,0
2703,0
2704,240
2705,76
2706,86
2707,40
2708,7
2709,125
2710,55
2711,193
2712,150
2713,32
2714,189
2715,80
2716,256
2717,34
2718,81
2719,48
2720,44
2721,176
2722,53
2723,2
2724,16
2725,120
2726,18
2727,37
2728,110
2729,84
2730,18
2731,97
2732,82
2733,218
2734,44
2735,31
2736,5
2737,2
2738,284
2739,15
2740,115
2741,147
2742,1
2743,36
2744,91
2745,69
2746,40
2747,53
2748,92
2749,246
2750,18
2751,203
2752,55
2753,0
2754,1
2755,0
2756,61
2757,73
2758,17
2759,67
2760,61
2761,1
2762,48
2763,4
2764,59
2765,8
2766,17
2767,79
2768,17
2769,89
2770,3
2771,63
2772,33
2773,5
2774,41
2775,2
2776,51
2777,13
2778,132
2779,67
2780,52
2781,5
2782,53
2783,57
2784,17
2785,1
2786,19
2787,1
2788,106
2789,8
2790,30
2791,2
2792,85
2793,0
2794,4
2795,14
2796,15
2797,51
2798,0
2799,19
2800,10
2801,15
2802,27
2803,83
2804,23
2805,197
2806,2
2807,1
2808,1
2809,284
2810,46
2811,16
2812,109
2813,576
2814,28
2815,49
2816,5
2817,349
2818,163
2819,2
2820,0
2821,167
2822,0
2823,127
2824,266
2825,265
2826,0
2827,2
2828,19
2829,33
2830,0
2831,11
2832,255
2833,33
2834,17
2835,48
2836,61
2837,6
2838,15
2839,176
2840,4
2841,48
2842,18
2843,15
2844,127
2845,40
2846,37
2847,32
2848,52
2849,1
2850,96
2851,4
2852,0
2853,18
2854,20
2855,245
2856,9
2857,58
2858,291
2859,35
2860,79
2861,1
2862,62
2863,3
2864,10
2865,139
2866,72
2867,5
2868,102
2869,81
2870,79
2871,21
2872,18
2873,93
2874,67
2875,1
2876,87
2877,110
2878,95
2879,302
2880,8
2881,81
2882,0
2883,92
2884,1
2885,26
2886,55
2887,0
2888,7
2889,55
2890,75
2891,179
2892,0
2893,6
2894,48
2895,18
2896,159
2897,45
2898,1
2899,96
2900,11
2901,340
2902,5
2903,56
2904,227
2905,6
2906,63
2907,13
2908,52
2909,5
2910,23
2911,11
2912,195
2913,24
2914,8
2915,2
2916,3
2917,85
2918,423
2919,22
2920,53
2921,52
2922,7
2923,48
2924,58
2925,87
2926,2
2927,29
2928,22
2929,102
2930,13
2931,59
2932,47
2933,5
2934,1
2935,10
2936,1
2937,311
2938,6
2939,73
2940,25
2941,12
2942,37
2943,73
2944,199
2945,108
2946,398
2947,318
2948,328
2949,46
2950,1
2951,4
2952,8
2953,26
2954,195
2955,11
2956,385
2957,6
2958,68
2959,1
2960,102
2961,161
2962,14
2963,23
2964,19
2965,2
2966,66
2967,0
2968,58
2969,31
2970,254
2971,1
2972,151
2973,1
2974,3
2975,7
2976,72
2977,16
2978,3
2979,0
2980,43
2981,37
2982,51
2983,32
2984,97
2985,42
2986,1
2987,34
2988,23
2989,119
2990,16
2991,190
2992,9
2993,99
2994,48
2995,160
2996,12
2997,0
2998,0
2999,0
3000,5
3001,6
3002,117
3003,101
3004,5
3005,94
3006,71
3007,83
3008,0
3009,71
3010,71
3011,0
3012,72
3013,180
3014,48
3015,49
3016,1
3017,57
3018,53
3019,0
3020,0
3021,534
3022,15
3023,64
3024,13
3025,187
3026,101
3027,801
3028,63
3029,20
3030,326
3031,71
3032,57
3033,6
3034,1
3035,5
3036,55
3037,334
3038,25
3039,35
3040,363
3041,141
3042,109
3043,0
3044,17
3045,0
3046,5
3047,14
3048,3
3049,9
3050,27
3051,784
3052,18
3053,82
3054,46
3055,12
3056,242
3057,80
3058,0
3059,17
3060,31
3061,165
3062,182
3063,8
3064,37
3065,25
3066,26
3067,44
3068,0
3069,21
3070,19
3071,3
3072,2
3073,1
3074,49
3075,68
3076,260
3077,135
3078,62
3079,21
3080,78
3081,14
3082,56
3083,125
3084,13
3085,10
3086,57
3087,43
3088,16
3089,86
3090,58
3091,35
3092,94
3093,23
3094,40
3095,56
3096,402
3097,137
3098,7
3099,1
3100,5
3101,37
3102,0
3103,4
3104,1
3105,87
3106,98
3107,72
3108,153
3109,9
3110,66
3111,194
3112,2
3113,11
3114,70
3115,44
3116,1
3117,206
3118,72
3119,9
3120,0
3121,1
3122,29
3123,6
3124,1
3125,579
3126,30
3127,0
3128,24
3129,13
3130,40
3131,26
3132,22
3133,92
3134,48
3135,69
3136,5
3137,44
3138,34
3139,718
3140,54
3141,168
3142,63
3143,48
3144,167
3145,1
3146,21
3147,12
3148,0
3149,131
3150,21
3151,7
3152,66
3153,1
3154,32
3155,81
3156,171
3157,74
3158,304
3159,56
3160,14
3161,4
3162,44
3163,13
3164,82
3165,67
3166,55
3167,0
3168,3
3169,2
3170,7
3171,29
3172,2
3173,93
3174,2
3175,59
3176,22
3177,54
3178,37
3179,74
3180,8
3181,2
3182,23
3183,45
3184,33
3185,217
3186,84
3187,268
3188,29
3189,195
3190,2
3191,114
3192,2
3193,147
3194,9
3195,49
3196,291
3197,234
3198,7
3199,14
3200,1
3201,3
3202,15
3203,0
3204,64
3205,5
3206,59
3207,0
3208,47
3209,97
3210,2
3211,36
3212,62
3213,31
3214,125
3215,10
3216,47
3217,16
3218,43
3219,32
3220,52
3221,74
3222,227
3223,75
3224,54
3225,43
3226,99
3227,0
3228,5
3229,0
3230,45
3231,39
3232,36
3233,40
3234,654
3235,12
3236,10
3237,18
3238,10
3239,57
3240,98
3241,99
3242,20
3243,128
3244,43
3245,1
3246,1
3247,0
3248,9
3249,13
3250,31
3251,33
3252,44
3253,62
3254,37
3255,9
3256,304
3257,31
3258,24
3259,2
3260,1
3261,6
3262,10
3263,14
3264,80
3265,41
3266,30
3267,99
3268,1
3269,104
3270,94
3271,13
3272,400
3273,125
3274,3
3275,1
3276,38
3277,11
3278,7
3279,4
3280,0
3281,19
3282,0
3283,12
3284,34
3285,0
3286,0
3287,0
3288,1
3289,6
3290,17
3291,28
3292,51
3293,53
3294,1
3295,61
3296,19
3297,40
3298,97
3299,29
3300,129
3301,1
3302,4
3303,6
3304,118
3305,29
3306,35
3307,553
3308,9
3309,38
3310,6
3311,33
3312,29
3313,36
3314,2
3315,35
3316,252
3317,10
3318,17
3319,0
3320,8
3321,2
3322,33
3323,105
3324,80
3325,10
3326,148
3327,71
3328,86
3329,1
3330,2
3331,42
3332,36
3333,264
3334,11
3335,73
3336,165
3337,63
3338,131
3339,3
3340,106
3341,122
3342,111
3343,465
3344,7
3345,54
3346,45
3347,1
3348,14
3349,176
3350,0
3351,56
3352,10
3353,4
3354,16
3355,9
3356,90
3357,93
3358,22
3359,8
3360,13
3361,107
3362,8
3363,6
3364,9
3365,3
3366,7
3367,61
3368,23
3369,4
3370,53
3371,0
3372,28
3373,121
3374,5
3375,23
3376,10
3377,74
3378,412
3379,73
3380,82
3381,4
3382,29
3383,78
3384,86
3385,27
3386,53
3387,32
3388,152
3389,5
3390,85
3391,47
3392,24
3393,11
3394,10
3395,1037
3396,17
3397,36
3398,4
3399,1
3400,13
3401,17
3402,15
3403,2
3404,32
3405,39
3406,261
3407,92
3408,3
3409,13
3410,17
3411,48
3412,43
3413,4
3414,28
3415,145
3416,195
3417,31
3418,130
3419,281
3420,6
3421,2
3422,30
3423,0
3424,245
3425,54
3426,4
3427,59
3428,14
3429,43
3430,29
3431,38
3432,192
3433,12
3434,8
3435,503
3436,99
3437,41
3438,79
3439,303
3440,329
3441,43
3442,5
3443,228
3444,92
3445,2
3446,5
3447,31
3448,2
3449,0
3450,294
3451,80
3452,29
3453,22
3454,55
3455,51
3456,12
3457,3
3458,7
3459,5
3460,50
3461,1
3462,58
3463,6
3464,56
3465,325
3466,53
3467,109
3468,67
3469,170
3470,21
3471,15
3472,19
3473,33
3474,53
3475,47
3476,12
3477,23
3478,105
3479,2
3480,5
3481,82
3482,7
3483,14
3484,2
3485,0
3486,55
3487,30
3488,2
3489,35
3490,6
3491,24
3492,0
3493,107
3494,2
3495,6
3496,121
3497,369
3498,2
3499,1
3500,1
3501,29
3502,6
3503,15
3504,0
3505,0
3506,13
3507,155
3508,77
3509,15
3510,25
3511,81
3512,19
3513,7
3514,48
3515,85
3516,0
3517,4
3518,7
3519,290
3520,3
3521,6
3522,33
3523,145
3524,1
3525,28
3526,1
3527,74
3528,7
3529,1
3530,56
3531,23
3532,42
3533,4
3534,2
3535,38
3536,177
3537,90
3538,5
3539,9
3540,36
3541,0
3542,8
3543,30
3544,146
3545,2
3546,44
3547,1
3548,193
3549,0
3550,98
3551,2
3552,63
3553,35
3554,17
3555,57
3556,235
3557,1
3558,1
3559,39
3560,196
3561,25
3562,3
3563,1
3564,79
3565,0
3566,3
3567,21
3568,0
3569,396
3570,201
3571,0
3572,97
3573,12
3574,17
3575,93
3576,36
3577,11
3578,179
3579,59
3580,92
3581,117
3582,50
3583,35
3584,2
3585,52
3586,27
3587,110
3588,45
3589,11
3590,165
3591,32
3592,1
3593,62
3594,158
3595,107
3596,3
3597,76
3598,238
3599,54
3600,27
3601,26
3602,19
3603,111
3604,43
3605,206
3606,282
3607,1
3608,98
3609,3
3610,11
3611,0
3612,48
3613,101
3614,37
3615,54
3616,148
3617,64
3618,0
3619,0
3620,16
3621,168
3622,49
3623,0
3624,12
3625,34
3626,2
3627,38
3628,56
3629,493
3630,5
3631,2
3632,22
3633,0
3634,57
3635,10
3636,47
3637,8
3638,17
3639,4
3640,37
3641,2
3642,2
3643,0
3644,10
3645,1
3646,4
3647,60
3648,0
3649,10
3650,39
3651,62
3652,103
3653,32
3654,54
3655,39
3656,86
3657,247
3658,9
3659,13
3660,13
3661,1
3662,98
3663,2
3664,7
3665,58
3666,37
3667,50
3668,85
3669,19
3670,1
3671,7
3672,69
3673,45
3674,0
3675,7
3676,206
3677,1
3678,11
3679,0
3680,171
3681,0
3682,72
3683,1
3684,222
3685,49
3686,1
3687,68
3688,40
3689,111
3690,1
3691,0
3692,0
3693,53
3694,66
3695,94
3696,37
3697,56
3698,114
3699,96
3700,118
3701,16
3702,14
3703,226
3704,45
3705,1
3706,36
3707,16
3708,7
3709,1
3710,0
3711,75
3712,8
3713,5
3714,41
3715,100
3716,6
3717,19
3718,7
3719,46
3720,1
3721,268
3722,11
3723,105
3724,108
3725,1
3726,21
3727,1
3728,3
3729,4
3730,3
3731,2
3732,1
3733,67
3734,297
3735,158
3736,123
3737,9
3738,9
3739,15
3740,98
3741,10
3742,0
3743,10
3744,54
3745,36
3746,19
3747,3
3748,472
3749,2
3750,155
3751,37
3752,40
3753,63
3754,76
3755,145
3756,71
3757,276
3758,25
3759,3
3760,8
3761,82
3762,228
3763,19
3764,77
3765,67
3766,23
3767,33
3768,168
3769,118
3770,1
3771,155
3772,42
3773,93
3774,68
3775,9
3776,26
3777,39
3778,7
3779,5
3780,1
3781,1
3782,65
3783,74
3784,6
3785,52
3786,312
3787,57
3788,170
3789,62
3790,87
3791,5
3792,223
3793,133
3794,324
3795,40
3796,34
3797,1
3798,30
3799,17
3800,109
3801,113
3802,107
3803,6
3804,12
3805,28
3806,1
3807,8
3808,61
3809,5
3810,5
3811,145
3812,46
3813,6
3814,0
3815,89
3816,0
3817,75
3818,55
3819,39
3820,1
3821,14
3822,0
3823,63
3824,15
3825,41
3826,1
3827,25
3828,1
3829,33
3830,0
3831,12
3832,42
3833,19
3834,6
3835,5
3836,108
3837,77
3838,89
3839,136
3840,59
3841,0
3842,9
3843,5
3844,7
3845,9
3846,0
3847,17
3848,110
3849,5
3850,39
3851,36
3852,17
3853,6
3854,18
3855,48
3856,1
3857,16
3858,1
3859,27
3860,27
3861,1
3862,7
3863,34
3864,127
3865,9
3866,142
3867,27
3868,99
3869,42
3870,3
3871,0
3872,74
3873,6
3874,57
3875,0
3876,123
3877,4
3878,2
3879,217
3880,41
3881,45
3882,244
3883,74
3884,2
3885,15
3886,84
3887,58
3888,85
3889,87
3890,102
3891,56
3892,61
3893,22
3894,15
3895,108
3896,8
3897,6
3898,1
3899,1084
3900,36
3901,87
3902,25
3903,18
3904,6
3905,25
3906,23
3907,3
3908,59
3909,5
3910,134
3911,2
3912,27
3913,150
3914,111
3915,202
3916,287
3917,12
3918,126
3919,0
3920,55
3921,101
3922,1
3923,58
3924,102
3925,54
3926,147
3927,75
3928,64
3929,34
3930,157
3931,178
3932,6
3933,60
3934,1
3935,73
3936,40
3937,73
3938,253
3939,18
3940,130
3941,1
3942,64
3943,173
3944,14
3945,84
3946,92
3947,228
3948,85
3949,5
3950,313
3951,54
3952,1
3953,9
3954,0
3955,41
3956,65
3957,39
3958,1
3959,0
3960,6
3961,8
3962,0
3963,31
3964,34
3965,54
3966,31
3967,152
3968,46
3969,8
3970,3
3971,19
3972,1
3973,63
3974,124
3975,154
3976,28
3977,30
3978,36
3979,10
3980,84
3981,59
3982,59
3983,3
3984,9
3985,57
3986,38
3987,0
3988,25
3989,17
3990,18
3991,248
3992,32
3993,37
3994,0
3995,68
3996,2
3997,24
3998,13
3999,1
4000,16
4001,61
4002,4
4003,14
4004,32
4005,161
4006,3
4007,72
4008,39
4009,5
4010,40
4011,36
4012,0
4013,7
4014,67
4015,102
4016,74
4017,112
4018,1
4019,23
4020,12
4021,10
4022,4
4023,2
4024,98
4025,0
4026,5
4027,20
4028,81
4029,71
4030,889
4031,27
4032,78
4033,1
4034,81
4035,139
4036,35
4037,2
4038,1
4039,88
4040,61
4041,0
4042,0
4043,8
4044,18
4045,39
4046,5
4047,40
4048,466
4049,27
4050,69
4051,64
4052,1
4053,198
4054,2
4055,102
4056,110
4057,6
4058,25
4059,0
4060,0
4061,0
4062,108
4063,35
4064,120
4065,166
4066,51
4067,33
4068,33
4069,155
4070,278
4071,128
4072,106
4073,1
4074,88
4075,65
4076,131
4077,267
4078,95
4079,375
4080,58
4081,1
4082,9
4083,69
4084,197
4085,23
4086,50
4087,0
4088,42
4089,24
4090,46
4091,31
4092,9
4093,77
4094,5
4095,3
4096,205
4097,100
4098,78
4099,4
4100,47
4101,1616
4102,62
4103,19
4104,0
4105,19
4106,301
4107,83
4108,15
4109,6
4110,69
4111,2
4112,53
4113,90
4114,6
4115,83
4116,24
4117,48
4118,10
4119,8
4120,7
4121,231
4122,24
4123,8
4124,99
4125,0
4126,15
4127,2
4128,307
4129,5
4130,73
4131,3
4132,59
4133,27
4134,41
4135,20
4136,18
4137,166
4138,22
4139,52
4140,54
4141,129
4142,39
4143,55
4144,4
4145,108
4146,218
4147,60
4148,6
4149,0
4150,18
4151,171
4152,131
4153,38
4154,2
4155,12
4156,10
4157,15
4158,5
4159,58
4160,42
4161,1
4162,13
4163,70
4164,1
4165,74
4166,110
4167,44
4168,6
4169,194
4170,40
4171,2
4172,1
4173,15
4174,43
4175,61
4176,95
4177,124
4178,136
4179,12
4180,35
4181,0
4182,87
4183,8
4184,7
4185,21
4186,19
4187,111
4188,38
4189,104
4190,5
4191,28
4192,77
4193,28
4194,8
4195,10
4196,172
4197,27
4198,113
4199,3
4200,247
4201,65
4202,19
4203,85
4204,112
4205,1
4206,0
4207,8
4208,112
4209,41
4210,19
4211,19
4212,106
4213,11
4214,63
4215,76
4216,41
4217,99
4218,37
4219,5
4220,37
4221,163
4222,17
4223,66
4224,29
4225,6
4226,0
4227,159
4228,41
4229,86
4230,1722
4231,74
4232,62
4233,34
4234,12
4235,33
4236,6
4237,78
4238,4
4239,44
4240,0
4241,86
4242,154
4243,129
4244,259
4245,128
4246,321
4247,4
4248,10
4249,230
4250,34
4251,79
4252,48
4253,76
4254,165
4255,62
4256,65
4257,0
4258,12
4259,36
4260,48
4261,59
4262,29
4263,3
4264,49
4265,9
4266,3
4267,31
4268,140
4269,36
4270,50
4271,11
4272,215
4273,150
4274,27
4275,45
4276,7
4277,78
4278,31
4279,145
4280,1
4281,2
4282,51
4283,21
4284,219
4285,14
4286,97
4287,42
4288,19
4289,15
4290,65
4291,23
4292,64
4293,9
4294,8
4295,32
4296,26
4297,5
4298,31
4299,91
4300,7
4301,2
4302,0
4303,205
4304,188
4305,23
4306,2
4307,19
4308,96
4309,192
4310,40
4311,83
4312,0
4313,220
4314,62
4315,2
4316,71
4317,27
4318,2
4319,65
4320,7
4321,72
4322,66
4323,46
4324,2
4325,0
4326,14
4327,1
4328,8
4329,194
4330,0
4331,8
4332,446
4333,82
4334,5
4335,12
4336,21
4337,11
4338,51
4339,143
4340,2
4341,92
4342,45
4343,48
4344,0
4345,17
4346,67
4347,2
4348,45
4349,1
4350,45
4351,118
4352,25
4353,0
4354,21
4355,644
4356,3
4357,59
4358,14
4359,10
4360,4
4361,18
4362,39
4363,122
4364,38
4365,17
4366,55
4367,122
4368,211
4369,196
4370,1
4371,60
4372,7
4373,5
4374,81
4375,87
4376,65
4377,14
4378,0
4379,4
4380,3
4381,2
4382,0
4383,13
4384,88
4385,107
4386,3
4387,44
4388,37
4389,56
4390,3
4391,165
4392,78
4393,0
4394,5
4395,124
4396,24
4397,5
4398,91
4399,147
4400,3
4401,64
4402,69
4403,4
4404,8
4405,9
4406,195
4407,72
4408,10
4409,127
4410,32
4411,69
4412,47
4413,77
4414,25
4415,56
4416,0
4417,25
4418,2
4419,33
4420,72
4421,50
4422,1
4423,4
4424,192
4425,0
4426,60
4427,24
4428,79
4429,153
4430,9
4431,64
4432,84
4433,32
4434,105
4435,60
4436,15
4437,415
4438,17
4439,8
4440,76
4441,7
4442,125
4443,10
4444,0
4445,1
4446,16
4447,1
4448,19
4449,109
4450,12
4451,115
4452,99
4453,56
4454,66
4455,8
4456,9
4457,9
4458,81
4459,10
4460,143
4461,116
4462,54
4463,79
4464,56
4465,97
4466,79
4467,205
4468,0
4469,31
4470,25
4471,55
4472,72
4473,269
4474,32
4475,2
4476,32
4477,29
4478,55
4479,2
4480,73
4481,2
4482,5
4483,98
4484,36
4485,7
4486,57
4487,0
4488,190
4489,5
4490,5
4491,16
4492,88
4493,8
4494,129
4495,105
4496,1
4497,25
4498,1
4499,15
4500,10
4501,3
4502,60
4503,5
4504,26
4505,66
4506,133
4507,60
4508,279
4509,212
4510,23
4511,35
4512,101
4513,15
4514,127
4515,48
4516,99
4517,7
4518,389
4519,0
4520,2
4521,32
4522,74
4523,0
4524,36
4525,41
4526,7
4527,9
4528,73
4529,233
4530,2
4531,87
4532,80
4533,44
4534,8
4535,106
4536,46
4537,4
4538,0
4539,60
4540,47
4541,24
4542,46
4543,1
4544,53
4545,0
4546,0
4547,61
4548,4
4549,24
4550,29
4551,10
4552,7
4553,32
4554,26
4555,84
4556,9
4557,151
4558,60
4559,14
4560,8
4561,152
4562,2
4563,30
4564,4
4565,25
4566,9
4567,70
4568,29
4569,160
4570,6
4571,1
4572,7
4573,6
4574,7
4575,0
4576,2
4577,1
4578,39
4579,65
4580,36
4581,109
4582,1414
4583,195
4584,2
4585,173
4586,29
4587,13
4588,94
4589,70
4590,153
4591,46
4592,155
4593,14
4594,13
4595,56
4596,48
4597,56
4598,15
4599,31
4600,3
4601,52
4602,325
4603,16
4604,35
4605,42
4606,64
4607,59
4608,144
4609,16
4610,33
4611,107
4612,207
4613,64
4614,4
4615,19
4616,112
4617,89
4618,31
4619,31
4620,1
4621,58
4622,0
4623,51
4624,82
4625,12
4626,30
4627,12
4628,118
4629,69
4630,22
4631,4
4632,43
4633,5
4634,138
4635,83
4636,27
4637,23
4638,18
4639,45
4640,18
4641,42
4642,102
4643,9
4644,12
4645,44
4646,144
4647,0
4648,46
4649,0
4650,7
4651,6
4652,1
4653,1
4654,18
4655,6
4656,160
4657,15
4658,3
4659,26
4660,0
4661,2
4662,0
4663,16
4664,88
4665,28
4666,31
4667,14
4668,37
4669,4
4670,23
4671,4
4672,11
4673,10
4674,33
4675,30
4676,3
4677,65
4678,13
4679,51
4680,29
4681,46
4682,174
4683,51
4684,136
4685,5
4686,135
4687,112
4688,8
4689,3
4690,1
4691,7
4692,1
4693,67
4694,18
4695,52
4696,22
4697,4
4698,47
4699,165
4700,15
4701,3
4702,6
4703,0
4704,158
4705,1
4706,12
4707,31
4708,2
4709,12
4710,103
4711,13
4712,22
4713,110
4714,128
4715,41
4716,27
4717,18
4718,43
4719,1
4720,0
4721,4
4722,86
4723,67
4724,67
4725,15
4726,38
4727,188
4728,32
4729,0
4730,52
4731,122
4732,1
4733,146
4734,511
4735,65
4736,53
4737,72
4738,1
4739,10
4740,82
4741,83
4742,0
4743,292
4744,1
4745,0
4746,22
4747,77
4748,137
4749,81
4750,412
4751,42
4752,57
4753,132
4754,224
4755,1
4756,9
4757,0
4758,584
4759,0
4760,1
4761,8
4762,44
4763,7
4764,4
4765,9
4766,68
4767,76
4768,7
4769,39
4770,13
4771,19
4772,38
4773,35
4774,40
4775,180
4776,48
4777,30
4778,8
4779,123
4780,91
4781,60
4782,3
4783,5
4784,0
4785,13
4786,94
4787,0
4788,3
4789,0
4790,1
4791,75
4792,18
4793,29
4794,0
4795,56
4796,1
4797,74
4798,38
4799,43
4800,178
4801,0
4802,79
4803,164
4804,115
4805,13
4806,44
4807,4
4808,99
4809,7
4810,18
4811,35
4812,30
4813,85
4814,40
4815,4
4816,51
4817,1
4818,1
4819,2
4820,12
4821,2
4822,177
4823,23
4824,7
4825,88
4826,8
4827,13
4828,35
4829,0
4830,12
4831,58
4832,38
4833,44
4834,19
4835,36
4836,47
4837,8
4838,23
4839,14
4840,7
4841,9
4842,0
4843,0
4844,40
4845,39
4846,231
4847,117
4848,42
4849,8
4850,287
4851,0
4852,7
4853,27
4854,70
4855,35
4856,11
4857,19
4858,1
4859,6
4860,1
4861,96
4862,31
4863,47
4864,0
4865,81
4866,44
4867,110
4868,72
4869,41
4870,33
4871,3
4872,329
4873,97
4874,3
4875,439
4876,2
4877,34
4878,31
4879,1
4880,37
4881,46
4882,8
4883,71
4884,8
4885,60
4886,43
4887,54
4888,195
4889,133
4890,36
4891,7
4892,26
4893,360
4894,136
4895,74
4896,4
4897,1
4898,33
4899,3
4900,10
4901,42
4902,18
4903,54
4904,25
4905,66
4906,3
4907,50
4908,1
4909,9
4910,5
4911,28
4912,4
4913,83
4914,1
4915,49
4916,12
4917,268
4918,3
4919,59
4920,311
4921,122
4922,0
4923,45
4924,0
4925,352
4926,58
4927,2
4928,133
4929,1
4930,11
4931,34
4932,1
4933,121
4934,62
4935,57
4936,2
4937,6
4938,36
4939,5
4940,33
4941,2
4942,7
4943,66
4944,82
4945,49
4946,39
4947,33
4948,96
4949,334
4950,0
4951,39
4952,42
4953,98
4954,77
4955,24
4956,71
4957,9
4958,3
4959,33
4960,52
4961,81
4962,50
4963,67
4964,105
4965,6
4966,3
4967,16
4968,305
4969,50
4970,31
4971,89
4972,87
4973,154
4974,17
4975,6
4976,50
4977,99
4978,63
4979,0
4980,152
4981,3
4982,164
4983,7
4984,169
4985,23
4986,106
4987,27
4988,13
4989,2
4990,21
4991,11
4992,123
4993,23
4994,60
4995,8
4996,18
4997,2
4998,91
4999,0
5000,319
5001,111
5002,0
5003,112
5004,9
5005,121
5006,1
5007,2
5008,13
5009,202
5010,40
5011,53
5012,20
5013,31
5014,8
5015,188
5016,95
5017,44
5018,27
5019,102
5020,88
5021,22
5022,1
5023,16
5024,43
5025,0
5026,12
5027,36
5028,202
5029,8
5030,24
5031,1
5032,0
5033,20
5034,1
5035,34
5036,7
5037,75
5038,6
5039,169
5040,23
5041,74
5042,35
5043,240
5044,16
5045,58
5046,43
5047,37
5048,8
5049,121
5050,2
5051,25
5052,34
5053,238
5054,9
5055,42
5056,0
5057,160
5058,31
5059,123
5060,311
5061,1
5062,236
5063,42
5064,56
5065,5
5066,296
5067,53
5068,257
5069,1
5070,2
5071,11
5072,62
5073,11
5074,59
5075,120
5076,63
5077,1
5078,1
5079,63
5080,12
5081,157
5082,90
5083,45
5084,5
5085,86
5086,38
5087,0
5088,118
5089,0
5090,89
5091,8
5092,22
5093,286
5094,267
5095,72
5096,54
5097,127
5098,2
5099,4
5100,51
5101,327
5102,315
5103,55
5104,1
5105,0
5106,47
5107,70
5108,7
5109,2
5110,9
5111,11
5112,82
5113,121
5114,2
5115,125
5116,7
5117,63
5118,60
5119,17
5120,496
5121,10
5122,114
5123,22
5124,0
5125,517
5126,171
5127,9
5128,11
5129,47
5130,0
5131,107
5132,504
5133,4
5134,0
5135,4
5136,67
5137,60
5138,128
5139,2
5140,52
5141,112
5142,6
5143,61
5144,15
5145,92
5146,34
5147,43
5148,54
5149,0
5150,149
5151,55
5152,71
5153,0
5154,20
5155,2
5156,1
5157,727
5158,33
5159,76
5160,41
5161,296
5162,16
5163,73
5164,123
5165,1
5166,21
5167,6
5168,1
5169,29
5170,189
5171,81
5172,107
5173,227
5174,13
5175,116
5176,15
5177,487
5178,49
5179,39
5180,42
5181,163
5182,59
5183,1
5184,52
5185,114
5186,257
5187,81
5188,224
5189,3
5190,0
5191,14
5192,86
5193,37
5194,56
5195,4
5196,11
5197,1
5198,0
5199,97
5200,37
5201,27
5202,56
5203,3
5204,5
5205,168
5206,130
5207,29
5208,11
5209,15
5210,2
5211,770
5212,8
5213,0
5214,0
5215,49
5216,0
5217,41
5218,120
5219,4
5220,25
5221,3
5222,10
5223,425
5224,8
5225,40
5226,18
5227,47
5228,2
5229,217
5230,3
5231,4
5232,50
5233,24
5234,63
5235,51
5236,163
5237,0
5238,58
5239,10
5240,40
5241,24
5242,4
5243,33
5244,10
5245,0
5246,6
5247,139
5248,3
5249,381
5250,0
5251,1
5252,482
5253,6
5254,192
5255,194
5256,4
5257,61
5258,1
5259,85
5260,5
5261,32
5262,5
5263,9
5264,80
5265,43
5266,76
5267,26
5268,16
5269,0
5270,34
5271,11
5272,5
5273,49
5274,59
5275,19
5276,0
5277,48
5278,4
5279,98
5280,255
5281,6
5282,59
5283,1
5284,26
5285,30
5286,94
5287,17
5288,14
5289,41
5290,4
5291,83
5292,3
5293,105
5294,40
5295,2
5296,34
5297,574
5298,22
5299,37
5300,33
5301,391
5302,37
5303,2
5304,114
5305,219
5306,66
5307,0
5308,45
5309,0
5310,70
5311,1
5312,99
5313,3
5314,72
5315,35
5316,11
5317,5
5318,126
5319,100
5320,67
5321,49
5322,30
5323,22
5324,114
5325,12
5326,5
5327,1
5328,12
5329,35
5330,85
5331,70
5332,1
5333,20
5334,1
5335,126
5336,0
5337,344
5338,20
5339,0
5340,123
5341,215
5342,13
5343,28
5344,407
5345,93
5346,23
5347,20
5348,36
5349,105
5350,1
5351,48
5352,152
5353,94
5354,0
5355,222
5356,10
5357,38
5358,18
5359,181
5360,1
5361,39
5362,14
5363,1
5364,785
5365,537
5366,5
5367,63
5368,27
5369,65
5370,36
5371,49
5372,12
5373,17
5374,3
5375,4
5376,114
5377,274
5378,304
5379,175
5380,60
5381,22
5382,28
5383,45
5384,128
5385,14
5386,14
5387,0
5388,1
5389,127
5390,0
5391,46
5392,95
5393,1
5394,147
5395,46
5396,53
5397,1
5398,12
5399,5
5400,69
5401,17
5402,132
5403,8
5404,4
5405,154
5406,1
5407,1
5408,9
5409,1255
5410,1
5411,74
5412,34
5413,335
5414,7
5415,29
5416,6
5417,91
5418,5
5419,5
5420,52
5421,43
5422,45
5423,81
5424,46
5425,76
5426,29
5427,102
5428,160
5429,5
5430,22
5431,25
5432,96
5433,1
5434,74
5435,51
5436,50
5437,5
5438,36
5439,2
5440,59
5441,30
5442,5
5443,32
5444,72
5445,2
5446,55
5447,179
5448,15
5449,57
5450,41
5451,51
5452,9
5453,68
5454,86
5455,8
5456,3
5457,1
5458,57
5459,95
5460,44
5461,81
5462,4
5463,6
5464,5
5465,1
5466,46
5467,4
5468,288
5469,79
5470,774
5471,0
5472,18
5473,69
5474,19
5475,76
5476,73
5477,1
5478,23
5479,41
5480,315
5481,185
5482,16
5483,26
5484,26
5485,47
5486,35
5487,128
5488,17
5489,513
5490,44
5491,102
5492,106
5493,18
5494,116
5495,145
5496,37
5497,108
5498,30
5499,61
5500,28
5501,1
5502,0
5503,11
5504,25
5505,41
5506,6
5507,116
5508,38
5509,1
5510,30
5511,3
5512,4
5513,0
5514,60
5515,73
5516,1
5517,31
5518,6
5519,29
5520,17
5521,3
5522,62
5523,55
5524,23
5525,14
5526,36
5527,74
5528,65
5529,15
5530,3
5531,39
5532,23
5533,117
5534,230
5535,28
5536,45
5537,77
5538,157
5539,10
5540,1
5541,122
5542,53
5543,249
5544,45
5545,5
5546,68
5547,3
5548,70
5549,26
5550,39
5551,60
5552,109
5553,1
5554,26
5555,3
5556,17
5557,179
5558,29
5559,693
5560,54
5561,63
5562,21
5563,0
5564,20
5565,0
5566,2
5567,11
5568,58
5569,81
5570,47
5571,42
5572,2
5573,1
5574,65
5575,10
5576,34
5577,27
5578,88
5579,14
5580,104
5581,34
5582,16
5583,52
5584,3
5585,9
5586,31
5587,2
5588,268
5589,0
5590,14
5591,50
5592,20
5593,2
5594,76
5595,96
5596,88
5597,281
5598,182
5599,71
5600,13
5601,114
5602,10
5603,26
5604,58
5605,40
5606,5
5607,14
5608,3
5609,1
5610,69
5611,43
5612,38
5613,12
5614,6
5615,88
5616,4
5617,116
5618,0
5619,0
5620,3
5621,24
5622,72
5623,59
5624,202
5625,27
5626,1
5627,28
5628,26
5629,810
5630,180
5631,7
5632,163
5633,85
5634,3
5635,49
5636,79
5637,27
5638,2
5639,129
5640,2
5641,15
5642,31
5643,53
5644,0
5645,72
5646,0
5647,97
5648,25
5649,1
5650,10
5651,76
5652,63
5653,260
5654,106
5655,323
5656,17
5657,0
5658,1
5659,84
5660,263
5661,2
5662,13
5663,76
5664,0
5665,10
5666,90
5667,72
5668,3
5669,1
5670,7
5671,298
5672,117
5673,172
5674,18
5675,7
5676,131
5677,60
5678,45
5679,86
5680,116
5681,19
5682,96
5683,9
5684,1
5685,8
5686,63
5687,63
5688,257
5689,216
5690,231
5691,49
5692,1
5693,0
5694,40
5695,6
5696,34
5697,19
5698,45
5699,24
5700,5
5701,77
5702,81
5703,80
5704,23
5705,76
5706,45
5707,106
5708,34
5709,28
5710,307
5711,43
5712,63
5713,24
5714,54
5715,40
5716,115
5717,8
5718,6
5719,463
5720,0
5721,469
5722,25
5723,69
5724,19
5725,74
5726,197
5727,1
5728,1
5729,97
5730,35
5731,7
5732,16
5733,394
5734,47
5735,22
5736,63
5737,0
5738,203
5739,13
5740,32
5741,20
5742,0
5743,59
5744,3
5745,50
5746,69
5747,121
5748,6
5749,70
5750,57
5751,64
5752,68
5753,53
5754,4
5755,878
5756,1
5757,89
5758,1
5759,2
5760,0
5761,75
5762,1
5763,2
5764,11
5765,0
5766,14
5767,1038
5768,69
5769,2
5770,6
5771,20
5772,0
5773,19
5774,18
5775,51
5776,24
5777,0
5778,25
5779,25
5780,0
5781,810
5782,5
5783,16
5784,1
5785,64
5786,197
5787,136
5788,15
5789,0
5790,1
5791,1
5792,118
5793,35
5794,36
5795,4
5796,66
5797,2
5798,58
5799,6
5800,9
5801,31
5802,3
5803,97
5804,40
5805,4
5806,396
5807,207
5808,0
5809,3
5810,62
5811,1
5812,122
5813,2
5814,3
5815,4
5816,64
5817,53
5818,35
5819,66
5820,4
5821,307
5822,71
5823,18
5824,36
5825,59
5826,81
5827,466
5828,301
5829,55
5830,14
5831,5
5832,14
5833,192
5834,383
5835,5
5836,58
5837,63
5838,51
5839,0
5840,93
5841,6
5842,48
5843,95
5844,15
5845,42
5846,48
5847,1
5848,81
5849,12
5850,4
5851,14
5852,1
5853,7
5854,69
5855,8
5856,237
5857,18
5858,10
5859,0
5860,265
5861,0
5862,3
5863,3
5864,30
5865,57
5866,53
5867,46
5868,118
5869,238
5870,1
5871,183
5872,6
5873,34
5874,26
5875,41
5876,132
5877,161
5878,1
5879,111
5880,114
5881,2
5882,0
5883,135
5884,45
5885,1
5886,1
5887,4
5888,1
5889,1093
5890,188
5891,0
5892,198
5893,292
5894,20
5895,5
5896,103
5897,17
5898,1
5899,68
5900,32
5901,94
5902,33
5903,132
5904,2
5905,125
5906,44
5907,35
5908,64
5909,62
5910,93
5911,9
5912,7
5913,35
5914,419
5915,1
5916,11
5917,3
5918,21
5919,36
5920,64
5921,8
5922,23
5923,403
5924,31
5925,57
5926,15
5927,43
5928,14
5929,78
5930,136
5931,34
5932,2
5933,95
5934,2
5935,843
5936,98
5937,20
5938,144
5939,27
5940,1
5941,63
5942,23
5943,68
5944,0
5945,81
5946,43
5947,0
5948,17
5949,58
5950,14
5951,57
5952,29
5953,3
5954,18
5955,62
5956,34
5957,23
5958,282
5959,305
5960,52
5961,1
5962,45
5963,59
5964,104
5965,1
5966,16
5967,54
5968,2
5969,188
5970,37
5971,125
5972,2
5973,103
5974,9
5975,16
5976,41
5977,2
5978,44
5979,49
5980,2
5981,21
5982,77
5983,684
5984,14
5985,10
5986,26
5987,0
5988,98
5989,13
5990,40
5991,5
5992,0
5993,5
5994,50
5995,639
5996,209
5997,10
5998,4
5999,1
6000,11
6001,100
6002,5
6003,34
6004,1
6005,2
6006,76
6007,69
6008,87
6009,82
6010,1
6011,0
6012,2
6013,15
6014,13
6015,64
6016,24
6017,44
6018,73
6019,89
6020,0
6021,21
6022,7
6023,78
6024,23
6025,357
6026,24
6027,10
6028,0
6029,8
6030,29
6031,57
6032,29
6033,14
6034,0
6035,75
6036,85
6037,19
6038,5
6039,9
6040,50
6041,33
6042,124
6043,29
6044,73
6045,5
6046,176
6047,88
6048,614
6049,95
6050,0
6051,0
6052,4
6053,32
6054,29
6055,26
6056,315
6057,5
6058,40
6059,12
6060,267
6061,2
6062,7
6063,16
6064,11
6065,234
6066,246
6067,64
6068,2
6069,45
6070,17
6071,0
6072,3
6073,1
6074,202
6075,45
6076,34
6077,2
6078,99
6079,16
6080,0
6081,76
6082,138
6083,52
6084,49
6085,18
6086,86
6087,0
6088,22
6089,80
6090,5
6091,236
6092,218
6093,4
6094,1
6095,8
6096,1
6097,69
6098,44
6099,26
6100,150
6101,18
6102,92
6103,6
6104,2
6105,95
6106,100
6107,3
6108,3
6109,19
6110,59
6111,24
6112,53
6113,6
6114,66
6115,221
6116,1
6117,2
6118,32
6119,58
6120,62
6121,98
6122,1
6123,28
6124,23
6125,9
6126,1
6127,56
6128,49
6129,52
6130,3
6131,4
6132,79
6133,56
6134,16
6135,7
6136,96
6137,226
6138,31
6139,1
6140,63
6141,94
6142,38
6143,66
6144,40
6145,1
6146,7
6147,26
6148,0
6149,1
6150,73
6151,198
6152,52
6153,87
6154,74
6155,130
6156,53
6157,179
6158,1
6159,48
6160,46
6161,5
6162,101
6163,14
6164,10
6165,55
6166,67
6167,35
6168,10
6169,174
6170,461
6171,1
6172,27
6173,77
6174,71
6175,57
6176,65
6177,33
6178,68
6179,264
6180,75
6181,82
6182,21
6183,5
6184,22
6185,14
6186,82
6187,2
6188,1
6189,85
6190,19
6191,106
6192,60
6193,88
6194,24
6195,12
6196,362
6197,9
6198,20
6199,55
6200,88
6201,12
6202,4
6203,13
6204,12
6205,18
6206,47
6207,3
6208,7
6209,12
6210,98
6211,28
6212,81
6213,3
6214,11
6215,4
6216,21
6217,19
6218,5
6219,6
6220,6
6221,3
6222,151
6223,2
6224,76
6225,67
6226,58
6227,307
6228,9
6229,19
6230,32
6231,98
6232,85
6233,8
6234,52
6235,22
6236,103
6237,47
6238,51
6239,47
6240,133
6241,59
6242,86
6243,38
6244,1
6245,1
6246,14
6247,80
6248,15
6249,429
6250,105
6251,43
6252,20
6253,65
6254,46
6255,16
6256,6
6257,0
6258,2
6259,47
6260,159
6261,26
6262,21
6263,38
6264,48
6265,45
6266,135
6267,3
6268,11
6269,62
6270,0
6271,5
6272,127
6273,33
6274,75
6275,1007
6276,59
6277,8
6278,1
6279,4
6280,7
6281,0
6282,10
6283,123
6284,72
6285,2
6286,42
6287,138
6288,68
6289,4
6290,65
6291,178
6292,27
6293,62
6294,5
6295,298
6296,21
6297,2
6298,66
6299,122
6300,95
6301,215
6302,29
6303,58
6304,79
6305,20
6306,1
6307,3
6308,54
6309,63
6310,9
6311,47
6312,9
6313,51
6314,411
6315,160
6316,9
6317,0
6318,57
6319,398
6320,14
6321,122
6322,53
6323,1
6324,0
6325,4
6326,1
6327,8
6328,9
6329,58
6330,50
6331,48
6332,48
6333,42
6334,110
6335,38
6336,229
6337,174
6338,0
6339,358
6340,24
6341,94
6342,35
6343,2
6344,29
6345,54
6346,4
6347,226
6348,8
6349,125
6350,91
6351,188
6352,58
6353,3
6354,6
6355,51
6356,4
6357,29
6358,28
6359,18
6360,70
6361,15
6362,41
6363,12
6364,64
6365,7
6366,2
6367,2
6368,18
6369,85
6370,49
6371,41
6372,91
6373,12
6374,193
6375,3
6376,47
6377,2
6378,50
6379,0
6380,1
6381,33
6382,150
6383,2
6384,91
6385,20
6386,12
6387,0
6388,4
6389,116
6390,8
6391,2
6392,4
6393,3
6394,80
6395,64
6396,1
6397,26
6398,47
6399,96
6400,175
6401,42
6402,13
6403,124
6404,101
6405,34
6406,74
6407,100
6408,8
6409,65
6410,404
6411,31
6412,9
6413,35
6414,589
6415,51
6416,0
6417,0
6418,43
6419,52
6420,13
6421,125
6422,445
6423,7
6424,2
6425,9
6426,13
6427,270
6428,56
6429,93
6430,40
6431,16
6432,52
6433,30
6434,68
6435,178
6436,53
6437,84
6438,50
6439,24
6440,258
6441,654
6442,36
6443,0
6444,140
6445,5
6446,38
6447,5
6448,4
6449,10
6450,9
6451,207
6452,47
6453,41
6454,64
6455,8
6456,381
6457,15
6458,107
6459,130
6460,54
6461,114
6462,0
6463,1
6464,17
6465,158
6466,577
6467,71
6468,162
6469,30
6470,0
6471,21
6472,119
6473,4
6474,3
6475,38
6476,31
6477,87
6478,38
6479,9
6480,69
6481,127
6482,41
6483,10
6484,2
6485,44
6486,82
6487,26
6488,3
6489,52
6490,13
6491,2
6492,16
6493,23
6494,92
6495,2
6496,60
6497,65
6498,8
6499,32
6500,107
6501,15
6502,4
6503,92
6504,70
6505,8
6506,8
6507,101
6508,57
6509,26
6510,34
6511,403
6512,9
6513,44
6514,142
6515,7
6516,96
6517,51
6518,23
6519,19
6520,4
6521,51
6522,5
6523,52
6524,1
6525,6
6526,32
6527,126
6528,15
6529,281
6530,2
6531,600
6532,5
6533,40
6534,1
6535,0
6536,86
6537,47
6538,43
6539,21
6540,22
6541,1
6542,86
6543,60
6544,107
6545,58
6546,25
6547,8
6548,5
6549,1
6550,76
6551,46
6552,116
6553,13
6554,98
6555,8
6556,3
6557,112
6558,3
6559,0
6560,0
6561,1
6562,15
6563,34
6564,193
6565,8
6566,2
6567,104
6568,7
6569,42
6570,1
6571,60
6572,2
6573,18
6574,1
6575,31
6576,49
6577,11
6578,6
6579,226
6580,249
6581,51
6582,2
6583,90
6584,95
6585,6
6586,27
6587,52
6588,11
6589,15
6590,2
6591,4
6592,53
6593,49
6594,48
6595,19
6596,27
6597,29
6598,0
6599,1
6600,53
6601,67
6602,52
6603,87
6604,154
6605,10
6606,199
6607,1
6608,187
6609,111
6610,0
6611,0
6612,25
6613,1
6614,22
6615,118
6616,30
6617,102
6618,0
6619,98
6620,41
6621,3
6622,6
6623,55
6624,3
6625,209
6626,19
6627,61
6628,6
6629,51
6630,13
6631,14
6632,99
6633,26
6634,1
6635,78
6636,114
6637,355
6638,107
6639,340
6640,18
6641,83
6642,93
6643,127
6644,47
6645,0
6646,72
6647,116
6648,3
6649,129
6650,8
6651,20
6652,3
6653,142
6654,139
6655,1
6656,95
6657,67
6658,12
6659,143
6660,1364
6661,0
6662,92
6663,92
6664,185
6665,43
6666,44
6667,35
6668,217
6669,0
6670,114
6671,0
6672,20
6673,6
6674,9
6675,10
6676,7
6677,9
6678,56
6679,8
6680,38
6681,18
6682,36
6683,56
6684,21
6685,108
6686,4
6687,20
6688,42
6689,6
6690,41
6691,0
6692,11
6693,1
6694,207
6695,9
6696,42
6697,64
6698,123
6699,14
6700,50
6701,0
6702,3
6703,256
6704,23
6705,7
6706,2
6707,197
6708,11
6709,4
6710,0
6711,137
6712,273
6713,43
6714,3
6715,8
6716,479
6717,9
6718,39
6719,2
6720,0
6721,6
6722,250
6723,50
6724,0
6725,1
6726,235
6727,77
6728,21
6729,31
6730,13
6731,51
6732,20
6733,2
6734,20
6735,3
6736,6
6737,34
6738,95
6739,108
6740,33
6741,819
6742,155
6743,8
6744,103
6745,0
6746,84
6747,23
6748,8
6749,10
6750,18
6751,1
6752,31
6753,92
6754,235
6755,57
6756,107
6757,8
6758,9
6759,27
6760,7
6761,13
6762,87
6763,299
6764,516
6765,135
6766,285
6767,100
6768,206
6769,30
6770,3
6771,16
6772,53
6773,0
6774,3
6775,10
6776,42
6777,3
6778,60
6779,99
6780,91
6781,48
6782,93
6783,8
6784,55
6785,54
6786,77
6787,215
6788,41
6789,40
6790,79
6791,0
6792,1
6793,40
6794,2
6795,52
6796,38
6797,8
6798,3
6799,183
6800,0
6801,61
6802,0
6803,19
6804,6
6805,21
6806,22
6807,38
6808,8
6809,1
6810,4
6811,5
6812,15
6813,33
6814,60
6815,16
6816,0
6817,24
6818,87
6819,0
6820,66
6821,62
6822,76
6823,20
6824,1
6825,199
6826,62
6827,0
6828,21
6829,0
6830,22
6831,43
6832,397
6833,41
6834,21
6835,14
6836,0
6837,407
6838,37
6839,94
6840,40
6841,97
6842,152
6843,1
6844,83
6845,20
6846,219
6847,12
6848,0
6849,14
6850,26
6851,7
6852,24
6853,1
6854,19
6855,26
6856,0
6857,0
6858,674
6859,1
6860,8
6861,31
6862,36
6863,50
6864,37
6865,6
6866,10
6867,48
6868,1
6869,64
6870,5
6871,49
6872,4
6873,54
6874,101
6875,7
6876,243
6877,0
6878,31
6879,48
6880,170
6881,19
6882,27
6883,201
6884,112
6885,86
6886,28
6887,9
6888,66
6889,191
6890,21
6891,35
6892,0
6893,2
6894,0
6895,59
6896,18
6897,33
6898,15
6899,229
6900,6
6901,25
6902,189
6903,0
6904,123
6905,104
6906,0
6907,9
6908,104
6909,4
6910,185
6911,1
6912,20
6913,64
6914,101
6915,0
6916,135
6917,71
6918,32
6919,0
6920,87
6921,29
6922,26
6923,8
6924,28
6925,44
6926,1
6927,20
6928,0
6929,426
6930,52
6931,27
6932,55
6933,0
6934,13
6935,46
6936,734
6937,17
6938,3
6939,1
6940,22
6941,40
6942,30
6943,98
6944,77
6945,88
6946,8
6947,29
6948,3
6949,47
6950,166
6951,2
6952,38
6953,41
6954,4
6955,99
6956,61
6957,7
6958,336
6959,23
6960,11
6961,0
6962,106
6963,29
6964,71
6965,8
6966,7
6967,94
6968,646
6969,1
6970,31
6971,24
6972,58
6973,30
6974,29
6975,32
6976,95
6977,178
6978,1
6979,2
6980,0
6981,0
6982,182
6983,1
6984,1
6985,58
6986,13
6987,3
6988,68
6989,52
6990,38
6991,43
6992,2
6993,23
6994,42
6995,102
6996,102
6997,90
6998,44
6999,69
7000,72
7001,367
7002,11
7003,21
7004,242
7005,96
7006,62
7007,25
7008,54
7009,41
7010,5
7011,4
7012,70
7013,34
7014,132
7015,12
7016,44
7017,13
7018,57
7019,88
7020,18
7021,10
7022,72
7023,0
7024,139
7025,14
7026,164
7027,99
7028,13
7029,20
7030,7
7031,81
7032,0
7033,49
7034,42
7035,508
7036,39
7037,9
7038,139
7039,22
7040,135
7041,7
7042,0
7043,55
7044,19
7045,153
7046,23
7047,110
7048,166
7049,5
7050,92
7051,9
7052,117
7053,7
7054,21
7055,49
7056,50
7057,3
7058,26
7059,1
7060,0
7061,78
7062,2
7063,53
7064,400
7065,31
7066,108
7067,116
7068,205
7069,17
7070,1
7071,181
7072,53
7073,8
7074,40
7075,14
7076,88
7077,160
7078,34
7079,30
7080,54
7081,34
7082,33
7083,23
7084,86
7085,72
7086,60
7087,299
7088,47
7089,21
7090,25
7091,20
7092,6
7093,25
7094,52
7095,11
7096,6
7097,42
7098,150
7099,5
7100,12
7101,41
7102,80
7103,18
7104,10
7105,9
7106,2
7107,239
7108,109
7109,66
7110,96
7111,17
7112,21
7113,1
7114,49
7115,24
7116,115
7117,34
7118,27
7119,0
7120,167
7121,62
7122,38
7123,57
7124,4
7125,9
7126,43
7127,0
7128,17
7129,123
7130,2
7131,9
7132,1
7133,43
7134,44
7135,82
7136,63
7137,77
7138,67
7139,281
7140,27
7141,47
7142,53
7143,130
7144,161
7145,13
7146,20
7147,0
7148,9
7149,266
7150,158
7151,186
7152,45
7153,13
7154,26
7155,1
7156,3
7157,21
7158,70
7159,25
7160,15
7161,49
7162,111
7163,177
7164,20
7165,0
7166,71
7167,12
7168,0
7169,215
7170,46
7171,1
7172,19
7173,17
7174,43
7175,4
7176,19
7177,82
7178,34
7179,1
7180,319
7181,1
7182,5
7183,18
7184,5
7185,100
7186,4
7187,79
7188,97
7189,874
7190,69
7191,15
7192,90
7193,183
7194,34
7195,10
7196,85
7197,1
7198,51
7199,30
7200,44
7201,36
7202,44
7203,6
7204,0
7205,1
7206,7
7207,3
7208,9
7209,204
7210,51
7211,84
7212,10
7213,97
7214,23
7215,99
7216,121
7217,6
7218,1
7219,64
7220,19
7221,36
7222,4
7223,20
7224,38
7225,44
7226,7
7227,3
7228,926
7229,99
7230,77
7231,13
7232,48
7233,6
7234,83
7235,12
7236,19
7237,10
7238,23
7239,67
7240,136
7241,302
7242,0
7243,108
7244,85
7245,0
7246,2
7247,275
7248,7
7249,76
7250,29
7251,76
7252,1
7253,90
7254,25
7255,9
7256,109
7257,102
7258,10
7259,8
7260,0
7261,27
7262,48
7263,4
7264,72
7265,1
7266,92
7267,35
7268,94
7269,48
7270,7
7271,0
7272,192
7273,143
7274,4
7275,1
7276,2
7277,8
7278,273
7279,33
7280,1
7281,60
7282,16
7283,95
7284,48
7285,25
7286,32
7287,34
7288,2
7289,0
7290,17
7291,216
7292,130
7293,106
7294,1
7295,6
7296,111
7297,120
7298,1
7299,6
7300,30
7301,1
7302,43
7303,6
7304,2
7305,52
7306,40
7307,39
7308,13
7309,51
7310,63
7311,5
7312,5
7313,0
7314,76
7315,24
7316,121
7317,22
7318,1
7319,47
7320,11
7321,12
7322,118
7323,2
7324,0
7325,0
7326,37
7327,55
7328,17
7329,7
7330,5
7331,48
7332,46
7333,17
7334,140
7335,88
7336,175
7337,2
7338,60
7339,31
7340,40
7341,165
7342,26
7343,4
7344,3
7345,39
7346,17
7347,2
7348,5
7349,37
7350,51
7351,38
7352,0
7353,70
7354,0
7355,65
7356,67
7357,143
7358,56
7359,33
7360,0
7361,17
7362,15
7363,0
7364,9
7365,26
7366,3
7367,38
7368,0
7369,132
7370,33
7371,110
7372,0
7373,40
7374,34
7375,2
7376,28
7377,1
7378,2
7379,97
7380,109
7381,1
7382,27
7383,2
7384,78
7385,61
7386,11
7387,57
7388,57
7389,67
7390,54
7391,53
7392,93
7393,39
7394,0
7395,0
7396,26
7397,1
7398,0
7399,0
7400,99
7401,1
7402,25
7403,2
7404,139
7405,52
7406,442
7407,169
7408,136
7409,139
7410,21
7411,122
7412,52
7413,144
7414,67
7415,58
7416,16
7417,31
7418,0
7419,67
7420,21
7421,68
7422,126
7423,601
7424,15
7425,57
7426,133
7427,3
7428,12
7429,1
7430,15
7431,528
7432,4
7433,81
7434,118
7435,48
7436,127
7437,6
7438,95
7439,1
7440,3
7441,6
7442,72
7443,5
7444,0
7445,133
7446,19
7447,9
7448,2
7449,53
7450,3
7451,130
7452,9
7453,25
7454,70
7455,36
7456,92
7457,49
7458,66
7459,49
7460,0
7461,24
7462,2
7463,69
7464,3
7465,46
7466,4
7467,0
7468,2
7469,55
7470,345
7471,19
7472,21
7473,93
7474,64
7475,16
7476,517
7477,2
7478,419
7479,31
7480,57
7481,0
7482,29
7483,6
7484,45
7485,24
7486,17
7487,20
7488,3
7489,178
7490,5
7491,66
7492,60
7493,49
7494,136
7495,62
7496,42
7497,112
7498,6
7499,98
7500,69
7501,1
7502,1
7503,17
7504,1
7505,279
7506,7
7507,33
7508,42
7509,1
7510,33
7511,60
7512,22
7513,76
7514,1
7515,43
7516,0
7517,1
7518,16
7519,143
7520,1
7521,43
7522,60
7523,54
7524,71
7525,26
7526,3
7527,0
7528,8
7529,5
7530,9
7531,75
7532,6
7533,112
7534,3
7535,2
7536,30
7537,0
7538,137
7539,16
7540,10
7541,110
7542,24
7543,78
7544,9
7545,17
7546,97
7547,68
7548,1
7549,805
7550,22
7551,16
7552,56
7553,227
7554,58
7555,35
7556,60
7557,188
7558,37
7559,86
7560,23
7561,0
7562,21
7563,20
7564,39
7565,119
7566,93
7567,1
7568,6
7569,43
7570,24
7571,243
7572,395
7573,2
7574,79
7575,28
7576,98
7577,0
7578,7
7579,10
7580,85
7581,10
7582,134
7583,79
7584,139
7585,11
7586,25
7587,8
7588,175
7589,15
7590,64
7591,38
7592,173
7593,258
7594,0
7595,69
7596,1
7597,8
7598,73
7599,11
7600,1
7601,62
7602,26
7603,1
7604,71
7605,32
7606,33
7607,39
7608,2
7609,58
7610,13
7611,4
7612,48
7613,89
7614,54
7615,97
7616,9
7617,3
7618,73
7619,0
7620,76
7621,8
7622,26
7623,14
7624,76
7625,70
7626,0
7627,9
7628,6
7629,0
7630,21
7631,0
7632,147
7633,36
7634,0
7635,66
7636,1
7637,17
7638,4
7639,18
7640,36
7641,124
7642,66
7643,68
7644,72
7645,0
7646,16
7647,506
7648,46
7649,20
7650,156
7651,55
7652,18
7653,78
7654,6
7655,33
7656,7
7657,8
7658,267
7659,112
7660,0
7661,5
7662,546
7663,83
7664,91
7665,128
7666,28
7667,1
7668,1
7669,257
7670,336
7671,158
7672,146
7673,14
7674,63
7675,20
7676,9
7677,8
7678,157
7679,165
7680,954
7681,182
7682,26
7683,40
7684,212
7685,1
7686,56
7687,42
7688,0
7689,52
7690,141
7691,28
7692,119
7693,4
7694,4
7695,2
7696,28
7697,36
7698,0
7699,10
7700,109
7701,32
7702,42
7703,314
7704,32
7705,77
7706,137
7707,14
7708,4
7709,12
7710,133
7711,15
7712,0
7713,65
7714,26
7715,83
7716,0
7717,3
7718,70
7719,52
7720,6
7721,26
7722,4
7723,55
7724,7
7725,29
7726,39
7727,4
7728,113
7729,259
7730,0
7731,137
7732,79
7733,17
7734,14
7735,157
7736,7
7737,14
7738,25
7739,87
7740,57
7741,2
7742,4
7743,2
7744,3
7745,18
7746,251
7747,11
7748,2
7749,17
7750,5
7751,309
7752,16
7753,8
7754,122
7755,49
7756,7
7757,31
7758,0
7759,4
7760,48
7761,32
7762,14
7763,45
7764,12
7765,2
7766,0
7767,741
7768,232
7769,0
7770,12
7771,1
7772,36
7773,528
7774,142
7775,16
7776,50
7777,47
7778,95
7779,65
7780,5
7781,13
7782,58
7783,18
7784,3
7785,147
7786,22
7787,2
7788,4
7789,86
7790,1
7791,73
7792,9
7793,48
7794,56
7795,72
7796,29
7797,246
7798,104
7799,51
7800,0
7801,4
7802,56
7803,4
7804,13
7805,1
7806,93
7807,874
7808,61
7809,11
7810,7
7811,221
7812,36
7813,46
7814,123
7815,13
7816,70
7817,0
7818,1
7819,19
7820,120
7821,0
7822,26
7823,0
7824,20
7825,9
7826,70
7827,79
7828,52
7829,50
7830,88
7831,5
7832,22
7833,2
7834,27
7835,35
7836,29
7837,0
7838,76
7839,680
7840,308
7841,2
7842,59
7843,5
7844,2
7845,171
7846,88
7847,123
7848,52
7849,3
7850,10
7851,1
7852,12
7853,56
7854,105
7855,172
7856,14
7857,13
7858,105
7859,88
7860,86
7861,107
7862,7
7863,67
7864,45
7865,268
7866,22
7867,7
7868,65
7869,38
7870,16
7871,14
7872,4
7873,33
7874,97
7875,5
7876,19
7877,0
7878,2
7879,5
7880,191
7881,148
7882,58
7883,167
7884,328
7885,9
7886,12
7887,24
7888,51
7889,40
7890,11
7891,9
7892,11
7893,12
7894,1
7895,255
7896,5
7897,11
7898,12
7899,2
7900,113
7901,49
7902,64
7903,16
7904,87
7905,627
7906,5
7907,38
7908,51
7909,1
7910,120
7911,388
7912,1
7913,38
7914,136
7915,5
7916,69
7917,29
7918,231
7919,3
7920,3
7921,20
7922,4
7923,68
7924,0
7925,46
7926,63
7927,1
7928,299
7929,52
7930,52
7931,362
7932,60
7933,24
7934,1
7935,0
7936,59
7937,4
7938,6
7939,9
7940,57
7941,3
7942,195
7943,9
7944,51
7945,34
7946,57
7947,187
7948,138
7949,70
7950,41
7951,6
7952,27
7953,11
7954,15
7955,102
7956,27
7957,12
7958,27
7959,0
7960,110
7961,1
7962,2
7963,1
7964,16
7965,3
7966,125
7967,19
7968,6
7969,490
7970,38
7971,462
7972,24
7973,28
7974,31
7975,48
7976,60
7977,86
7978,0
7979,33
7980,542
7981,1
7982,65
7983,1
7984,1
7985,84
7986,25
7987,39
7988,121
7989,54
7990,90
7991,2
7992,5
7993,32
7994,36
7995,42
7996,89
7997,4
7998,0
7999,2
8000,55
8001,603
8002,27
8003,65
8004,158
8005,15
8006,62
8007,94
8008,119
8009,37
8010,867
8011,5
8012,8
8013,30
8014,21
8015,55
8016,40
8017,1
8018,55
8019,50
8020,10
8021,40
8022,1
8023,52
8024,0
8025,70
8026,59
8027,162
8028,69
8029,65
8030,195
8031,44
8032,0
8033,0
8034,224
8035,97
8036,39
8037,130
8038,1
8039,69
8040,2
8041,91
8042,1
8043,12
8044,16
8045,82
8046,1
8047,54
8048,2
8049,91
8050,6
8051,71
8052,25
8053,35
8054,13
8055,23
8056,40
8057,11
8058,11
8059,3
8060,3
8061,43
8062,58
8063,10
8064,99
8065,42
8066,7
8067,363
8068,33
8069,625
8070,16
8071,10
8072,148
8073,2
8074,4
8075,0
8076,2
8077,123
8078,159
8079,1
8080,7
8081,3
8082,78
8083,1
8084,54
8085,8
8086,10
8087,15
8088,2
8089,34
8090,12
8091,307
8092,549
8093,2
8094,124
8095,6
8096,51
8097,2
8098,11
8099,103
8100,336
8101,88
8102,144
8103,2
8104,2
8105,0
8106,134
8107,49
8108,29
8109,4
8110,73
8111,137
8112,11
8113,21
8114,448
8115,42
8116,6
8117,0
8118,160
8119,21
8120,95
8121,13
8122,60
8123,39
8124,0
8125,5
8126,156
8127,51
8128,1
8129,60
8130,50
8131,29
8132,12
8133,60
8134,23
8135,83
8136,66
8137,12
8138,1
8139,59
8140,230
8141,14
8142,30
8143,12
8144,9
8145,69
8146,0
8147,63
8148,1
8149,61
8150,62
8151,238
8152,32
8153,68
8154,22
8155,32
8156,19
8157,89
8158,35
8159,38
8160,75
8161,16
8162,1
8163,2
8164,9
8165,72
8166,43
8167,0
8168,15
8169,37
8170,1
8171,57
8172,51
8173,0
8174,200
8175,92
8176,0
8177,170
8178,85
8179,0
8180,54
8181,103
8182,112
8183,1
8184,23
8185,14
8186,67
8187,6
8188,14
8189,419
8190,197
8191,78
8192,1
8193,29
8194,704
8195,1127
8196,133
8197,130
8198,5
8199,36
8200,10
8201,13
8202,1
8203,39
8204,38
8205,156
8206,5
8207,20
8208,1
8209,217
8210,1
8211,444
8212,8
8213,1
8214,6
8215,134
8216,3
8217,1
8218,298
8219,10
8220,771
8221,121
8222,18
8223,24
8224,56
8225,22
8226,87
8227,7
8228,61
8229,70
8230,48
8231,30
8232,25
8233,16
8234,34
8235,31
8236,359
8237,19
8238,221
8239,11
8240,7
8241,148
8242,5
8243,2
8244,115
8245,188
8246,33
8247,32
8248,92
8249,42
8250,59
8251,517
8252,34
8253,43
8254,87
8255,0
8256,1
8257,33
8258,19
8259,45
8260,25
8261,31
8262,52
8263,35
8264,1
8265,86
8266,161
8267,44
8268,5
8269,127
8270,86
8271,2
8272,2
8273,250
8274,20
8275,11
8276,50
8277,244
8278,14
8279,0
8280,4
8281,59
8282,89
8283,53
8284,3
8285,38
8286,5
8287,85
8288,7
8289,37
8290,6
8291,82
8292,0
8293,62
8294,211
8295,47
8296,107
8297,20
8298,2
8299,73
8300,2
8301,1
8302,5
8303,65
8304,62
8305,9
8306,10
8307,51
8308,49
8309,40
8310,20
8311,16
8312,3
8313,1
8314,35
8315,10
8316,0
8317,15
8318,62
8319,86
8320,15
8321,0
8322,57
8323,48
8324,59
8325,70
8326,4
8327,54
8328,61
8329,32
8330,3
8331,0
8332,24
8333,263
8334,50
8335,36
8336,1
8337,89
8338,55
8339,262
8340,232
8341,0
8342,1
8343,129
8344,5
8345,1
8346,42
8347,49
8348,0
8349,10
8350,109
8351,55
8352,1
8353,1
8354,10
8355,1
8356,69
8357,3
8358,6
8359,54
8360,2
8361,122
8362,201
8363,6
8364,0
8365,161
8366,6
8367,2
8368,73
8369,65
8370,63
8371,32
8372,0
8373,9
8374,170
8375,116
8376,0
8377,67
8378,90
8379,4
8380,1
8381,62
8382,54
8383,7
8384,122
8385,60
8386,33
8387,39
8388,57
8389,187
8390,35
8391,92
8392,213
8393,30
8394,18
8395,2
8396,199
8397,122
8398,103
8399,1
8400,53
8401,12
8402,110
8403,51
8404,16
8405,18
8406,30
8407,10
8408,3
8409,10
8410,33
8411,1
8412,56
8413,148
8414,2
8415,63
8416,490
8417,26
8418,201
8419,18
8420,1
8421,39
8422,2
8423,1
8424,110
8425,51
8426,42
8427,119
8428,193
8429,7
8430,218
8431,80
8432,23
8433,274
8434,16
8435,261
8436,165
8437,69
8438,7
8439,245
8440,654
8441,2
8442,162
8443,49
8444,92
8445,8
8446,276
8447,221
8448,232
8449,0
8450,102
8451,290
8452,28
8453,3
8454,55
8455,88
8456,62
8457,10
8458,105
8459,35
8460,81
8461,37
8462,101
8463,46
8464,120
8465,231
8466,45
8467,62
8468,4
8469,1
8470,39
8471,7
8472,8
8473,46
8474,31
8475,2
8476,84
8477,165
8478,8
8479,188
8480,75
8481,11
8482,18
8483,37
8484,1
8485,11
8486,80
8487,76
8488,315
8489,2
8490,50
8491,149
8492,13
8493,0
8494,87
8495,44
8496,26
8497,305
8498,3
8499,63
8500,45
8501,6
8502,28
8503,38
8504,346
8505,0
8506,3
8507,15
8508,1
8509,133
8510,0
8511,53
8512,28
8513,4
8514,156
8515,43
8516,73
8517,0
8518,11
8519,55
8520,3
8521,0
8522,139
8523,567
8524,383
8525,19
8526,11
8527,9
8528,42
8529,53
8530,56
8531,82
8532,88
8533,34
8534,32
8535,29
8536,5
8537,162
8538,84
8539,4
8540,98
8541,158
8542,112
8543,2
8544,23
8545,63
8546,79
8547,2
8548,36
8549,10
8550,15
8551,3
8552,1
8553,21
8554,49
8555,152
8556,20
8557,0
8558,227
8559,1
8560,99
8561,0
8562,390
8563,6
8564,23
8565,42
8566,3
8567,7
8568,72
8569,514
8570,35
8571,41
8572,0
8573,5
8574,160
8575,10
8576,15
8577,14
8578,94
8579,36
8580,2
8581,0
8582,56
8583,2
8584,128
8585,52
8586,0
8587,33
8588,14
8589,0
8590,407
8591,194
8592,5
8593,167
8594,1
8595,58
8596,0
8597,84
8598,6
8599,30
8600,50
8601,175
8602,6
8603,17
8604,374
8605,303
8606,35
8607,13
8608,7
8609,32
8610,36
8611,108
8612,3
8613,0
8614,5
8615,10
8616,1
8617,44
8618,6
8619,173
8620,2
8621,17
8622,98
8623,0
8624,39
8625,58
8626,0
8627,6
8628,395
8629,27
8630,148
8631,40
8632,147
8633,182
8634,0
8635,90
8636,0
8637,52
8638,13
8639,15
8640,73
8641,2
8642,21
8643,21
8644,44
8645,82
8646,42
8647,14
8648,9
8649,3
8650,3
8651,5
8652,0
8653,58
8654,74
8655,1
8656,68
8657,3
8658,16
8659,14
8660,48
8661,0
8662,0
8663,1
8664,0
8665,2
8666,2
8667,258
8668,2
8669,162
8670,176
8671,107
8672,0
8673,2
8674,41
8675,9
8676,5
8677,60
8678,19
8679,8
8680,0
8681,27
8682,19
8683,0
8684,12
8685,260
8686,1
8687,0
8688,66
8689,28
8690,142
8691,30
8692,15
8693,14
8694,9
8695,64
8696,302
8697,147
8698,7
8699,52
8700,2
8701,11
8702,60
8703,0
8704,19
8705,160
8706,581
8707,2
8708,127
8709,17
8710,3
8711,122
8712,4
8713,1054
8714,30
8715,4
8716,2
8717,66
8718,1
8719,123
8720,55
8721,0
8722,13
8723,9
8724,130
8725,72
8726,90
8727,105
8728,56
8729,79
8730,50
8731,1
8732,0
8733,323
8734,13
8735,4
8736,30
8737,58
8738,10
8739,39
8740,11
8741,54
8742,1
8743,11
8744,4
8745,387
8746,0
8747,0
8748,0
8749,0
8750,19
8751,2
8752,1
8753,73
8754,24
8755,2
8756,42
8757,65
8758,86
8759,0
8760,15
8761,44
8762,145
8763,75
8764,31
8765,9
8766,66
8767,24
8768,2
8769,38
8770,74
8771,33
8772,1
8773,102
8774,4
8775,10
8776,126
8777,185
8778,55
8779,26
8780,2
8781,21
8782,306
8783,0
8784,13
8785,105
8786,1
8787,99
8788,0
8789,157
8790,27
8791,3
8792,0
8793,23
8794,99
8795,117
8796,1
8797,0
8798,3
8799,5
8800,112
8801,0
8802,5
8803,48
8804,90
8805,36
8806,160
8807,5
8808,22
8809,7
8810,244
8811,12
8812,2
8813,39
8814,4
8815,89
8816,168
8817,20
8818,77
8819,75
8820,12
8821,104
8822,18
8823,239
8824,0
8825,6
8826,46
8827,665
8828,26
8829,0
8830,7
8831,0
8832,112
8833,130
8834,34
8835,8
8836,96
8837,41
8838,105
8839,3
8840,14
8841,71
8842,12
8843,4
8844,0
8845,322
8846,187
8847,16
8848,36
8849,20
8850,264
8851,71
8852,272
8853,152
8854,8
8855,21
8856,82
8857,48
8858,637
8859,495
8860,0
8861,52
8862,138
8863,28
8864,4
8865,70
8866,0
8867,288
8868,84
8869,30
8870,21
8871,0
8872,95
8873,119
8874,39
8875,0
8876,25
8877,77
8878,6
8879,42
8880,245
8881,51
8882,1
8883,23
8884,232
8885,97
8886,27
8887,2
8888,3
8889,23
8890,43
8891,61
8892,13
8893,4
8894,43
8895,202
8896,0
8897,46
8898,8
8899,36
8900,1
8901,9
8902,515
8903,0
8904,2
8905,4
8906,87
8907,30
8908,63
8909,72
8910,26
8911,1
8912,21
8913,55
8914,27
8915,12
8916,10
8917,219
8918,59
8919,170
8920,7
8921,71
8922,30
8923,278
8924,38
8925,52
8926,2
8927,131
8928,98
8929,20
8930,0
8931,6
8932,22
8933,44
8934,234
8935,2
8936,163
8937,22
8938,98
8939,1
8940,1
8941,37
8942,20
8943,406
8944,5
8945,54
8946,10
8947,34
8948,51
8949,16
8950,0
8951,3
8952,4
8953,39
8954,1
8955,53
8956,47
8957,157
8958,1
8959,152
8960,2
8961,37
8962,1
8963,71
8964,63
8965,4
8966,13
8967,42
8968,73
8969,7
8970,15
8971,62
8972,12
8973,15
8974,77
8975,3
8976,9
8977,76
8978,113
8979,3
8980,88
8981,47
8982,162
8983,177
8984,20
8985,72
8986,10
8987,112
8988,90
8989,0
8990,9
8991,82
8992,132
8993,22
8994,116
8995,75
8996,1
8997,69
8998,172
8999,53
9000,13
9001,1
9002,152
9003,2
9004,42
9005,28
9006,5
