,predicciones_xgboost_pw
0,65
1,98
2,33
3,5
4,41
5,117
6,70
7,0
8,12
9,80
10,1
11,19
12,9
13,4
14,98
15,159
16,113
17,21
18,21
19,118
20,128
21,7
22,30
23,3
24,35
25,47
26,29
27,0
28,7
29,58
30,27
31,0
32,12
33,3
34,1
35,47
36,23
37,24
38,147
39,95
40,82
41,27
42,6
43,183
44,92
45,73
46,19
47,0
48,12
49,0
50,3
51,63
52,10
53,124
54,1
55,9
56,47
57,11
58,61
59,0
60,10
61,6
62,107
63,53
64,488
65,25
66,74
67,4
68,1
69,0
70,47
71,143
72,68
73,3
74,169
75,73
76,0
77,21
78,21
79,9
80,6
81,0
82,3
83,46
84,88
85,161
86,4
87,0
88,111
89,18
90,0
91,1
92,25
93,52
94,42
95,151
96,65
97,127
98,126
99,2
100,28
101,37
102,2
103,5
104,205
105,17
106,6
107,12
108,137
109,100
110,15
111,17
112,38
113,20
114,3
115,41
116,249
117,8
118,19
119,43
120,27
121,148
122,13
123,61
124,697
125,157
126,4
127,1
128,7
129,28
130,5
131,130
132,46
133,47
134,4
135,38
136,57
137,24
138,3
139,90
140,9
141,33
142,43
143,44
144,6
145,74
146,4
147,183
148,44
149,43
150,7
151,511
152,16
153,4
154,11
155,1
156,4
157,173
158,3
159,3
160,1
161,33
162,97
163,27
164,5
165,14
166,9
167,0
168,10
169,229
170,18
171,60
172,3
173,99
174,46
175,103
176,3
177,5
178,186
179,41
180,139
181,73
182,35
183,9
184,59
185,67
186,46
187,503
188,62
189,178
190,0
191,41
192,13
193,75
194,257
195,36
196,452
197,50
198,19
199,8
200,173
201,297
202,29
203,13
204,63
205,11
206,34
207,0
208,85
209,6
210,23
211,41
212,16
213,191
214,27
215,57
216,10
217,152
218,66
219,133
220,190
221,7
222,9
223,6
224,5
225,47
226,12
227,69
228,45
229,48
230,56
231,1
232,88
233,141
234,9
235,5
236,31
237,6
238,138
239,69
240,40
241,19
242,304
243,33
244,493
245,5
246,62
247,33
248,273
249,16
250,6
251,0
252,99
253,25
254,0
255,5
256,31
257,12
258,44
259,42
260,6
261,13
262,577
263,4
264,4
265,58
266,202
267,125
268,3
269,4
270,97
271,11
272,2
273,30
274,302
275,237
276,33
277,160
278,20
279,13
280,1
281,4
282,5
283,85
284,17
285,149
286,4
287,12
288,8
289,7
290,46
291,103
292,5
293,62
294,0
295,5
296,46
297,29
298,115
299,24
300,2
301,3
302,30
303,92
304,1
305,0
306,11
307,6
308,11
309,56
310,142
311,16
312,14
313,7
314,49
315,34
316,32
317,15
318,531
319,11
320,6
321,69
322,4
323,24
324,3
325,1
326,25
327,133
328,133
329,1324
330,117
331,12
332,33
333,70
334,49
335,17
336,37
337,11
338,111
339,22
340,156
341,4
342,44
343,19
344,48
345,9
346,48
347,153
348,19
349,18
350,50
351,459
352,2
353,30
354,11
355,50
356,72
357,111
358,24
359,73
360,66
361,1
362,211
363,1
364,75
365,5
366,9
367,39
368,22
369,12
370,9
371,190
372,9
373,1
374,65
375,19
376,11
377,0
378,5
379,74
380,35
381,102
382,62
383,0
384,103
385,38
386,10
387,8
388,16
389,4
390,0
391,36
392,22
393,38
394,39
395,47
396,1
397,32
398,59
399,9
400,36
401,155
402,76
403,58
404,26
405,20
406,2
407,152
408,5
409,45
410,25
411,122
412,490
413,1
414,130
415,3
416,94
417,15
418,0
419,49
420,81
421,4
422,0
423,152
424,29
425,24
426,86
427,33
428,39
429,412
430,8
431,5
432,11
433,14
434,187
435,194
436,130
437,1
438,10
439,18
440,3
441,29
442,165
443,63
444,1
445,3
446,22
447,6
448,38
449,10
450,4
451,133
452,5
453,63
454,28
455,3
456,5
457,8
458,14
459,117
460,1
461,1
462,13
463,282
464,7
465,12
466,53
467,39
468,150
469,19
470,12
471,48
472,1
473,95
474,1
475,18
476,46
477,7
478,5
479,22
480,37
481,25
482,53
483,4
484,28
485,46
486,11
487,128
488,20
489,28
490,49
491,12
492,4
493,16
494,29
495,23
496,1
497,41
498,128
499,24
500,1
501,53
502,143
503,44
504,6
505,6
506,20
507,34
508,7
509,0
510,228
511,29
512,121
513,8
514,217
515,50
516,76
517,1
518,41
519,0
520,24
521,83
522,6
523,116
524,10
525,137
526,4
527,63
528,26
529,227
530,34
531,1
532,0
533,35
534,75
535,33
536,96
537,116
538,98
539,95
540,4
541,0
542,158
543,25
544,11
545,210
546,10
547,7
548,22
549,90
550,12
551,28
552,150
553,45
554,6
555,4
556,16
557,20
558,185
559,24
560,179
561,3
562,7
563,0
564,67
565,104
566,37
567,72
568,12
569,2
570,36
571,121
572,319
573,18
574,24
575,17
576,28
577,0
578,2
579,20
580,1
581,45
582,9
583,5
584,25
585,22
586,199
587,44
588,55
589,27
590,8
591,5
592,55
593,19
594,88
595,518
596,13
597,34
598,88
599,17
600,1
601,5
602,47
603,5
604,2
605,1
606,47
607,17
608,8
609,5
610,104
611,6
612,39
613,121
614,51
615,17
616,0
617,52
618,227
619,25
620,1
621,111
622,31
623,495
624,192
625,7
626,27
627,7
628,102
629,4
630,66
631,17
632,38
633,0
634,45
635,1
636,34
637,4
638,228
639,11
640,4
641,5
642,30
643,141
644,52
645,1
646,67
647,33
648,46
649,7
650,33
651,151
652,33
653,6
654,31
655,64
656,27
657,116
658,1
659,7
660,185
661,229
662,13
663,56
664,5
665,50
666,6
667,3
668,1
669,61
670,8
671,88
672,58
673,49
674,71
675,4
676,4
677,43
678,16
679,167
680,348
681,6
682,5
683,38
684,86
685,6
686,60
687,29
688,1
689,8
690,1
691,99
692,329
693,0
694,8
695,161
696,2
697,17
698,5
699,1
700,115
701,340
702,120
703,32
704,17
705,59
706,116
707,4
708,10
709,0
710,8
711,3
712,56
713,64
714,86
715,11
716,13
717,6
718,40
719,239
720,86
721,58
722,18
723,12
724,4
725,14
726,139
727,4
728,70
729,19
730,53
731,6
732,367
733,44
734,0
735,62
736,1
737,52
738,48
739,2
740,17
741,6
742,5
743,223
744,36
745,95
746,12
747,97
748,55
749,79
750,5
751,100
752,89
753,10
754,283
755,3
756,287
757,187
758,20
759,85
760,35
761,2
762,44
763,31
764,11
765,3
766,7
767,26
768,5
769,10
770,41
771,11
772,1
773,203
774,172
775,61
776,1
777,47
778,3
779,74
780,73
781,11
782,306
783,55
784,8
785,46
786,3
787,38
788,88
789,4
790,145
791,11
792,73
793,7
794,1
795,1
796,46
797,73
798,22
799,47
800,143
801,25
802,37
803,53
804,83
805,28
806,175
807,112
808,112
809,82
810,7
811,19
812,49
813,45
814,200
815,2
816,76
817,236
818,8
819,49
820,70
821,1
822,6
823,29
824,39
825,6
826,1
827,73
828,29
829,6
830,263
831,27
832,5
833,304
834,111
835,14
836,5
837,7
838,85
839,2
840,48
841,87
842,65
843,59
844,388
845,75
846,4
847,68
848,2
849,6
850,1
851,119
852,216
853,15
854,7
855,0
856,16
857,2
858,3
859,314
860,69
861,38
862,49
863,252
864,0
865,2
866,197
867,116
868,25
869,1
870,80
871,112
872,103
873,7
874,1
875,12
876,4
877,203
878,0
879,40
880,4
881,9
882,4
883,62
884,98
885,52
886,6
887,15
888,34
889,35
890,25
891,52
892,7
893,4
894,20
895,8
896,56
897,57
898,1
899,149
900,6
901,5
902,6
903,75
904,58
905,8
906,3
907,7
908,157
909,12
910,5
911,34
912,65
913,1
914,10
915,54
916,5
917,2
918,65
919,61
920,32
921,77
922,35
923,9
924,24
925,1
926,39
927,22
928,27
929,389
930,54
931,184
932,403
933,7
934,14
935,14
936,90
937,0
938,8
939,11
940,42
941,334
942,4
943,0
944,7
945,13
946,62
947,75
948,74
949,6
950,14
951,31
952,29
953,68
954,17
955,41
956,63
957,333
958,62
959,459
960,1
961,9
962,5
963,30
964,4
965,21
966,32
967,138
968,2
969,4
970,22
971,8
972,4
973,303
974,19
975,34
976,25
977,36
978,19
979,3
980,23
981,459
982,5
983,13
984,94
985,1
986,11
987,39
988,6
989,104
990,76
991,6
992,90
993,146
994,96
995,10
996,4
997,34
998,2
999,184
1000,7
1001,80
1002,58
1003,8
1004,10
1005,493
1006,110
1007,1
1008,37
1009,40
1010,29
1011,61
1012,30
1013,24
1014,16
1015,13
1016,44
1017,165
1018,8
1019,99
1020,23
1021,97
1022,10
1023,22
1024,66
1025,6
1026,121
1027,37
1028,126
1029,12
1030,32
1031,8
1032,119
1033,25
1034,34
1035,240
1036,287
1037,0
1038,19
1039,13
1040,4
1041,6
1042,20
1043,0
1044,2
1045,42
1046,1
1047,543
1048,1
1049,107
1050,46
1051,0
1052,6
1053,6
1054,25
1055,269
1056,26
1057,164
1058,9
1059,58
1060,153
1061,2
1062,45
1063,58
1064,13
1065,1
1066,10
1067,27
1068,421
1069,21
1070,8
1071,3
1072,174
1073,5
1074,9
1075,4
1076,39
1077,3
1078,28
1079,1
1080,0
1081,36
1082,39
1083,65
1084,10
1085,219
1086,136
1087,92
1088,2
1089,73
1090,35
1091,19
1092,72
1093,0
1094,120
1095,14
1096,69
1097,130
1098,1
1099,13
1100,54
1101,9
1102,72
1103,2
1104,111
1105,89
1106,66
1107,7
1108,7
1109,8
1110,3
1111,33
1112,4
1113,47
1114,33
1115,6
1116,177
1117,552
1118,3
1119,66
1120,27
1121,109
1122,111
1123,479
1124,42
1125,119
1126,18
1127,69
1128,1
1129,36
1130,7
1131,7
1132,2
1133,35
1134,214
1135,10
1136,28
1137,270
1138,11
1139,15
1140,22
1141,22
1142,3
1143,25
1144,175
1145,35
1146,111
1147,8
1148,63
1149,9
1150,87
1151,41
1152,2
1153,3
1154,6
1155,46
1156,70
1157,22
1158,15
1159,267
1160,8
1161,2
1162,1
1163,2
1164,19
1165,1
1166,37
1167,39
1168,28
1169,15
1170,3
1171,116
1172,294
1173,120
1174,22
1175,3
1176,234
1177,9
1178,9
1179,23
1180,9
1181,5
1182,24
1183,16
1184,1
1185,171
1186,3
1187,23
1188,8
1189,8
1190,0
1191,1
1192,488
1193,0
1194,9
1195,22
1196,7
1197,38
1198,47
1199,17
1200,4
1201,13
1202,15
1203,135
1204,192
1205,3
1206,3
1207,25
1208,78
1209,4
1210,3
1211,32
1212,11
1213,0
1214,16
1215,29
1216,15
1217,12
1218,16
1219,214
1220,55
1221,338
1222,28
1223,249
1224,0
1225,8
1226,12
1227,94
1228,24
1229,24
1230,14
1231,19
1232,6
1233,63
1234,4
1235,138
1236,282
1237,20
1238,1
1239,21
1240,6
1241,47
1242,1
1243,13
1244,181
1245,54
1246,72
1247,5
1248,258
1249,7
1250,12
1251,64
1252,56
1253,26
1254,2
1255,1
1256,54
1257,201
1258,119
1259,9
1260,246
1261,43
1262,7
1263,0
1264,42
1265,10
1266,27
1267,56
1268,62
1269,13
1270,2
1271,15
1272,11
1273,151
1274,44
1275,28
1276,5
1277,1
1278,44
1279,10
1280,123
1281,83
1282,4
1283,52
1284,2
1285,4
1286,0
1287,98
1288,12
1289,1
1290,40
1291,4
1292,35
1293,10
1294,9
1295,30
1296,44
1297,5
1298,9
1299,48
1300,13
1301,13
1302,8
1303,1
1304,35
1305,9
1306,0
1307,22
1308,107
1309,43
1310,61
1311,150
1312,183
1313,55
1314,33
1315,118
1316,36
1317,55
1318,61
1319,5
1320,94
1321,54
1322,48
1323,74
1324,44
1325,0
1326,50
1327,52
1328,5
1329,54
1330,0
1331,11
1332,170
1333,12
1334,39
1335,289
1336,148
1337,527
1338,90
1339,4
1340,27
1341,24
1342,61
1343,35
1344,14
1345,98
1346,12
1347,4
1348,121
1349,93
1350,9
1351,54
1352,65
1353,6
1354,0
1355,10
1356,150
1357,66
1358,30
1359,94
1360,164
1361,92
1362,18
1363,183
1364,58
1365,12
1366,40
1367,3
1368,48
1369,13
1370,55
1371,1
1372,72
1373,10
1374,1
1375,0
1376,137
1377,45
1378,61
1379,65
1380,5
1381,36
1382,0
1383,13
1384,3
1385,11
1386,5
1387,0
1388,0
1389,72
1390,64
1391,26
1392,102
1393,9
1394,141
1395,57
1396,28
1397,120
1398,1
1399,32
1400,200
1401,34
1402,5
1403,6
1404,20
1405,7
1406,39
1407,1
1408,51
1409,36
1410,26
1411,42
1412,6
1413,6
1414,7
1415,22
1416,38
1417,1
1418,15
1419,69
1420,51
1421,302
1422,27
1423,2
1424,180
1425,4
1426,164
1427,155
1428,28
1429,10
1430,1
1431,11
1432,1
1433,0
1434,55
1435,43
1436,56
1437,1
1438,29
1439,6
1440,7
1441,32
1442,856
1443,4
1444,6
1445,31
1446,88
1447,31
1448,6
1449,5
1450,5
1451,24
1452,30
1453,22
1454,132
1455,7
1456,4
1457,21
1458,3
1459,5
1460,6
1461,52
1462,0
1463,93
1464,144
1465,0
1466,9
1467,122
1468,37
1469,34
1470,3
1471,108
1472,53
1473,539
1474,9
1475,62
1476,290
1477,144
1478,49
1479,15
1480,19
1481,271
1482,20
1483,12
1484,6
1485,0
1486,6
1487,54
1488,1
1489,0
1490,256
1491,6
1492,85
1493,449
1494,61
1495,38
1496,4
1497,8
1498,7
1499,12
1500,6
1501,329
1502,0
1503,2
1504,40
1505,10
1506,11
1507,22
1508,140
1509,84
1510,2
1511,396
1512,18
1513,3
1514,42
1515,9
1516,21
1517,0
1518,51
1519,10
1520,89
1521,109
1522,75
1523,6
1524,52
1525,99
1526,7
1527,47
1528,5
1529,52
1530,9
1531,1
1532,34
1533,5
1534,21
1535,2
1536,112
1537,137
1538,92
1539,14
1540,20
1541,113
1542,4
1543,51
1544,3
1545,341
1546,38
1547,2
1548,1
1549,0
1550,45
1551,76
1552,243
1553,5
1554,25
1555,178
1556,1
1557,89
1558,2
1559,105
1560,46
1561,45
1562,7
1563,11
1564,52
1565,27
1566,1
1567,93
1568,209
1569,9
1570,6
1571,42
1572,1
1573,31
1574,54
1575,7
1576,9
1577,21
1578,5
1579,25
1580,159
1581,8
1582,221
1583,4
1584,103
1585,3
1586,194
1587,6
1588,16
1589,6
1590,13
1591,39
1592,39
1593,77
1594,89
1595,19
1596,7
1597,211
1598,62
1599,223
1600,16
1601,58
1602,128
1603,125
1604,92
1605,0
1606,58
1607,56
1608,1
1609,26
1610,8
1611,63
1612,7
1613,65
1614,65
1615,44
1616,290
1617,12
1618,1
1619,278
1620,180
1621,0
1622,28
1623,2
1624,9
1625,35
1626,26
1627,67
1628,8
1629,4
1630,3
1631,5
1632,2
1633,62
1634,139
1635,50
1636,9
1637,21
1638,4
1639,57
1640,3
1641,15
1642,1
1643,89
1644,48
1645,557
1646,5
1647,360
1648,24
1649,54
1650,22
1651,4
1652,99
1653,4
1654,13
1655,15
1656,37
1657,54
1658,5
1659,523
1660,56
1661,5
1662,28
1663,131
1664,2
1665,77
1666,0
1667,1
1668,156
1669,56
1670,67
1671,6
1672,22
1673,1
1674,25
1675,17
1676,1
1677,6
1678,96
1679,67
1680,25
1681,43
1682,98
1683,8
1684,18
1685,1
1686,9
1687,33
1688,167
1689,73
1690,4
1691,37
1692,7
1693,59
1694,5
1695,25
1696,4
1697,9
1698,184
1699,26
1700,19
1701,1
1702,43
1703,90
1704,220
1705,4
1706,125
1707,33
1708,18
1709,1
1710,11
1711,7
1712,49
1713,42
1714,90
1715,1
1716,99
1717,377
1718,54
1719,8
1720,9
1721,4
1722,22
1723,4
1724,27
1725,4
1726,3
1727,27
1728,10
1729,36
1730,316
1731,162
1732,78
1733,6
1734,165
1735,8
1736,6
1737,21
1738,6
1739,3
1740,6
1741,34
1742,60
1743,2
1744,33
1745,56
1746,2
1747,19
1748,29
1749,63
1750,48
1751,2
1752,13
1753,33
1754,269
1755,360
1756,6
1757,22
1758,9
1759,1
1760,5
1761,31
1762,23
1763,29
1764,17
1765,11
1766,108
1767,0
1768,412
1769,75
1770,11
1771,121
1772,64
1773,128
1774,82
1775,84
1776,221
1777,0
1778,10
1779,8
1780,7
1781,38
1782,106
1783,112
1784,164
1785,1
1786,3
1787,12
1788,1
1789,25
1790,44
1791,121
1792,60
1793,11
1794,15
1795,60
1796,4
1797,131
1798,28
1799,13
1800,44
1801,1
1802,3
1803,45
1804,63
1805,105
1806,0
1807,38
1808,4
1809,9
1810,6
1811,8
1812,104
1813,73
1814,5
1815,10
1816,5
1817,12
1818,81
1819,15
1820,4
1821,60
1822,97
1823,44
1824,2
1825,83
1826,74
1827,12
1828,4
1829,14
1830,83
1831,2
1832,10
1833,8
1834,68
1835,0
1836,38
1837,73
1838,67
1839,11
1840,38
1841,6
1842,2
1843,67
1844,20
1845,173
1846,799
1847,4
1848,80
1849,66
1850,124
1851,5
1852,1
1853,165
1854,4
1855,23
1856,55
1857,129
1858,1
1859,4
1860,49
1861,149
1862,75
1863,1
1864,1
1865,18
1866,40
1867,8
1868,64
1869,55
1870,570
1871,47
1872,74
1873,181
1874,40
1875,199
1876,59
1877,7
1878,69
1879,102
1880,59
1881,3
1882,12
1883,42
1884,3
1885,68
1886,18
1887,6
1888,44
1889,75
1890,102
1891,141
1892,5
1893,37
1894,88
1895,8
1896,258
1897,41
1898,7
1899,70
1900,33
1901,113
1902,16
1903,8
1904,90
1905,0
1906,175
1907,0
1908,36
1909,0
1910,6
1911,32
1912,9
1913,46
1914,11
1915,3
1916,28
1917,70
1918,1
1919,82
1920,79
1921,102
1922,31
1923,19
1924,369
1925,21
1926,14
1927,6
1928,8
1929,110
1930,29
1931,38
1932,31
1933,1
1934,31
1935,67
1936,4
1937,42
1938,6
1939,303
1940,36
1941,0
1942,35
1943,4
1944,6
1945,81
1946,62
1947,76
1948,40
1949,25
1950,65
1951,6
1952,10
1953,147
1954,87
1955,53
1956,13
1957,91
1958,40
1959,5
1960,10
1961,102
1962,252
1963,50
1964,11
1965,67
1966,8
1967,51
1968,24
1969,10
1970,30
1971,1
1972,1
1973,59
1974,25
1975,60
1976,36
1977,44
1978,31
1979,55
1980,10
1981,96
1982,6
1983,87
1984,135
1985,43
1986,337
1987,62
1988,22
1989,191
1990,6
1991,10
1992,32
1993,48
1994,98
1995,6
1996,4
1997,10
1998,91
1999,23
2000,1
2001,1
2002,7
2003,60
2004,1
2005,15
2006,48
2007,144
2008,26
2009,20
2010,35
2011,243
2012,115
2013,1
2014,21
2015,53
2016,3
2017,56
2018,51
2019,50
2020,4
2021,20
2022,2
2023,30
2024,1
2025,3
2026,66
2027,231
2028,1
2029,23
2030,506
2031,0
2032,26
2033,50
2034,83
2035,31
2036,52
2037,102
2038,6
2039,1
2040,85
2041,84
2042,147
2043,23
2044,31
2045,141
2046,16
2047,50
2048,128
2049,7
2050,6
2051,8
2052,13
2053,134
2054,8
2055,5
2056,13
2057,159
2058,158
2059,217
2060,6
2061,57
2062,85
2063,97
2064,1
2065,31
2066,15
2067,87
2068,8
2069,4
2070,100
2071,28
2072,1
2073,81
2074,23
2075,12
2076,1
2077,127
2078,1
2079,8
2080,164
2081,7
2082,16
2083,194
2084,66
2085,13
2086,187
2087,144
2088,10
2089,87
2090,7
2091,8
2092,2
2093,16
2094,51
2095,26
2096,38
2097,125
2098,43
2099,14
2100,1
2101,10
2102,13
2103,24
2104,45
2105,10
2106,78
2107,36
2108,8
2109,146
2110,267
2111,60
2112,59
2113,34
2114,23
2115,41
2116,14
2117,138
2118,42
2119,10
2120,26
2121,22
2122,14
2123,0
2124,0
2125,186
2126,12
2127,4
2128,4
2129,12
2130,1
2131,8
2132,20
2133,10
2134,4
2135,1
2136,26
2137,60
2138,58
2139,4
2140,178
2141,38
2142,14
2143,32
2144,32
2145,9
2146,791
2147,25
2148,17
2149,44
2150,4
2151,12
2152,45
2153,334
2154,1
2155,23
2156,38
2157,2
2158,47
2159,1
2160,7
2161,141
2162,1
2163,0
2164,435
2165,444
2166,3
2167,86
2168,25
2169,63
2170,3
2171,173
2172,233
2173,36
2174,25
2175,120
2176,140
2177,9
2178,116
2179,169
2180,266
2181,1007
2182,145
2183,1
2184,34
2185,33
2186,9
2187,31
2188,266
2189,1
2190,5
2191,29
2192,27
2193,14
2194,156
2195,9
2196,62
2197,0
2198,6
2199,27
2200,58
2201,39
2202,1
2203,6
2204,3
2205,13
2206,9
2207,49
2208,30
2209,101
2210,8
2211,4
2212,13
2213,10
2214,6
2215,16
2216,30
2217,52
2218,23
2219,92
2220,32
2221,7
2222,96
2223,6
2224,6
2225,0
2226,0
2227,29
2228,43
2229,8
2230,17
2231,4
2232,42
2233,10
2234,2
2235,53
2236,8
2237,214
2238,9
2239,79
2240,6
2241,127
2242,3
2243,64
2244,99
2245,24
2246,21
2247,561
2248,5
2249,54
2250,28
2251,29
2252,27
2253,4
2254,21
2255,269
2256,1
2257,8
2258,12
2259,48
2260,2
2261,103
2262,67
2263,375
2264,44
2265,27
2266,26
2267,3
2268,54
2269,0
2270,7
2271,38
2272,10
2273,5
2274,41
2275,262
2276,7
2277,36
2278,59
2279,118
2280,0
2281,13
2282,5
2283,29
2284,6
2285,4
2286,26
2287,13
2288,3
2289,64
2290,75
2291,31
2292,2
2293,13
2294,0
2295,18
2296,135
2297,207
2298,73
2299,30
2300,27
2301,23
2302,69
2303,140
2304,54
2305,49
2306,124
2307,41
2308,1
2309,1
2310,8
2311,54
2312,30
2313,6
2314,3
2315,7
2316,18
2317,0
2318,18
2319,120
2320,27
2321,17
2322,5
2323,26
2324,79
2325,4
2326,25
2327,43
2328,22
2329,7
2330,1
2331,209
2332,93
2333,67
2334,73
2335,90
2336,30
2337,20
2338,4
2339,35
2340,1
2341,34
2342,41
2343,9
2344,9
2345,24
2346,3
2347,54
2348,7
2349,46
2350,8
2351,43
2352,0
2353,41
2354,9
2355,5
2356,0
2357,115
2358,22
2359,79
2360,1
2361,4
2362,6
2363,0
2364,31
2365,7
2366,4
2367,13
2368,2
2369,242
2370,26
2371,1
2372,18
2373,9
2374,16
2375,65
2376,48
2377,36
2378,14
2379,451
2380,61
2381,125
2382,33
2383,2
2384,10
2385,11
2386,3
2387,9
2388,48
2389,45
2390,59
2391,49
2392,41
2393,2
2394,24
2395,67
2396,0
2397,48
2398,32
2399,1
2400,14
2401,10
2402,13
2403,18
2404,89
2405,22
2406,5
2407,8
2408,31
2409,130
2410,5
2411,42
2412,54
2413,13
2414,40
2415,11
2416,48
2417,9
2418,29
2419,5
2420,39
2421,49
2422,176
2423,1
2424,23
2425,6
2426,25
2427,11
2428,15
2429,286
2430,2
2431,39
2432,69
2433,70
2434,1
2435,44
2436,29
2437,200
2438,14
2439,0
2440,14
2441,33
2442,26
2443,106
2444,38
2445,15
2446,289
2447,6
2448,389
2449,5
2450,17
2451,100
2452,5
2453,4
2454,10
2455,19
2456,12
2457,1
2458,58
2459,18
2460,3
2461,1
2462,16
2463,10
2464,11
2465,12
2466,16
2467,9
2468,42
2469,29
2470,46
2471,50
2472,37
2473,12
2474,40
2475,41
2476,40
2477,62
2478,33
2479,7
2480,14
2481,62
2482,2
2483,68
2484,69
2485,22
2486,0
2487,42
2488,16
2489,58
2490,20
2491,38
2492,128
2493,93
2494,100
2495,3
2496,4
2497,3
2498,360
2499,16
2500,0
2501,0
2502,88
2503,90
2504,29
2505,17
2506,128
2507,53
2508,3
2509,28
2510,63
2511,34
2512,187
2513,7
2514,12
2515,31
2516,10
2517,50
2518,29
2519,42
2520,155
2521,259
2522,15
2523,0
2524,54
2525,9
2526,30
2527,70
2528,51
2529,24
2530,16
2531,228
2532,18
2533,38
2534,23
2535,33
2536,87
2537,5
2538,100
2539,510
2540,98
2541,37
2542,4
2543,23
2544,2
2545,61
2546,120
2547,3
2548,1
2549,2
2550,0
2551,12
2552,0
2553,56
2554,62
2555,23
2556,5
2557,45
2558,30
2559,111
2560,56
2561,140
2562,28
2563,10
2564,9
2565,26
2566,19
2567,109
2568,34
2569,1
2570,7
2571,12
2572,11
2573,0
2574,1
2575,74
2576,79
2577,4
2578,55
2579,45
2580,109
2581,63
2582,70
2583,54
2584,140
2585,211
2586,15
2587,9
2588,40
2589,0
2590,27
2591,0
2592,73
2593,15
2594,86
2595,68
2596,6
2597,70
2598,1
2599,6
2600,2
2601,75
2602,31
2603,4
2604,5
2605,241
2606,28
2607,55
2608,14
2609,2
2610,6
2611,20
2612,122
2613,0
2614,12
2615,10
2616,34
2617,8
2618,11
2619,13
2620,9
2621,8
2622,0
2623,4
2624,14
2625,28
2626,59
2627,4
2628,54
2629,10
2630,9
2631,0
2632,94
2633,60
2634,8
2635,7
2636,0
2637,0
2638,13
2639,41
2640,11
2641,1
2642,431
2643,0
2644,417
2645,22
2646,11
2647,4
2648,10
2649,214
2650,243
2651,192
2652,49
2653,3
2654,309
2655,60
2656,6
2657,34
2658,22
2659,5
2660,6
2661,86
2662,235
2663,1
2664,41
2665,7
2666,11
2667,7
2668,33
2669,66
2670,50
2671,5
2672,85
2673,80
2674,177
2675,35
2676,38
2677,270
2678,104
2679,392
2680,38
2681,76
2682,35
2683,77
2684,288
2685,34
2686,8
2687,6
2688,126
2689,6
2690,18
2691,99
2692,78
2693,5
2694,104
2695,75
2696,117
2697,53
2698,15
2699,10
2700,1
2701,244
2702,3
2703,222
2704,82
2705,3
2706,0
2707,24
2708,140
2709,32
2710,38
2711,45
2712,44
2713,93
2714,10
2715,146
2716,15
2717,2
2718,2
2719,59
2720,7
2721,12
2722,41
2723,37
2724,43
2725,5
2726,28
2727,8
2728,15
2729,52
2730,30
2731,64
2732,37
2733,23
2734,13
2735,42
2736,57
2737,62
2738,1
2739,170
2740,59
2741,30
2742,5
2743,16
2744,61
2745,8
2746,8
2747,3
2748,0
2749,61
2750,12
2751,30
2752,2
2753,32
2754,5
2755,5
2756,29
2757,8
2758,42
2759,2
2760,18
2761,9
2762,38
2763,59
2764,25
2765,33
2766,113
2767,0
2768,1
2769,209
2770,38
2771,6
2772,116
2773,610
2774,31
2775,52
2776,3
2777,9
2778,141
2779,1
2780,1
2781,106
2782,0
2783,39
2784,106
2785,96
2786,24
2787,0
2788,5
2789,21
2790,0
2791,10
2792,102
2793,35
2794,32
2795,47
2796,77
2797,4
2798,32
2799,182
2800,4
2801,39
2802,7
2803,10
2804,95
2805,27
2806,16
2807,43
2808,45
2809,1
2810,92
2811,4
2812,0
2813,1
2814,26
2815,20
2816,240
2817,23
2818,28
2819,44
2820,34
2821,39
2822,5
2823,50
2824,1
2825,30
2826,10
2827,75
2828,14
2829,147
2830,69
2831,95
2832,13
2833,14
2834,63
2835,37
2836,2
2837,46
2838,71
2839,137
2840,118
2841,5
2842,86
2843,9
2844,63
2845,5
2846,26
2847,41
2848,16
2849,8
2850,53
2851,132
2852,225
2853,9
2854,23
2855,57
2856,17
2857,58
2858,47
2859,2
2860,5
2861,7
2862,244
2863,4
2864,56
2865,171
2866,9
2867,50
2868,20
2869,61
2870,11
2871,26
2872,7
2873,52
2874,28
2875,21
2876,0
2877,3
2878,137
2879,292
2880,18
2881,42
2882,44
2883,6
2884,17
2885,80
2886,56
2887,1
2888,29
2889,62
2890,56
2891,27
2892,123
2893,16
2894,3
2895,33
2896,7
2897,202
2898,6
2899,34
2900,12
2901,9
2902,5
2903,43
2904,50
2905,119
2906,105
2907,244
2908,227
2909,232
2910,5
2911,11
2912,10
2913,27
2914,154
2915,13
2916,378
2917,31
2918,49
2919,38
2920,318
2921,13
2922,36
2923,22
2924,76
2925,7
2926,63
2927,2
2928,381
2929,1
2930,192
2931,5
2932,10
2933,6
2934,182
2935,18
2936,6
2937,1
2938,26
2939,66
2940,14
2941,102
2942,93
2943,93
2944,6
2945,22
2946,46
2947,20
2948,255
2949,2
2950,10
2951,66
2952,52
2953,109
2954,7
2955,2
2956,10
2957,10
2958,15
2959,3
2960,190
2961,100
2962,20
2963,1
2964,146
2965,82
2966,56
2967,2
2968,67
2969,71
2970,0
2971,53
2972,132
2973,104
2974,26
2975,0
2976,47
2977,48
2978,0
2979,0
2980,973
2981,10
2982,49
2983,4
2984,157
2985,66
2986,502
2987,46
2988,7
2989,244
2990,35
2991,64
2992,4
2993,1
2994,19
2995,64
2996,235
2997,7
2998,106
2999,386
3000,138
3001,165
3002,0
3003,28
3004,8
3005,10
3006,4
3007,12
3008,19
3009,484
3010,43
3011,70
3012,57
3013,1
3014,13
3015,120
3016,62
3017,1
3018,12
3019,41
3020,78
3021,96
3022,0
3023,39
3024,42
3025,5
3026,20
3027,1
3028,14
3029,4
3030,7
3031,41
3032,52
3033,211
3034,56
3035,52
3036,32
3037,94
3038,10
3039,42
3040,66
3041,9
3042,25
3043,63
3044,19
3045,10
3046,154
3047,45
3048,23
3049,96
3050,37
3051,7
3052,50
3053,376
3054,70
3055,7
3056,8
3057,30
3058,0
3059,17
3060,48
3061,61
3062,53
3063,27
3064,47
3065,115
3066,222
3067,12
3068,42
3069,32
3070,56
3071,0
3072,209
3073,55
3074,9
3075,0
3076,28
3077,8
3078,3
3079,487
3080,85
3081,10
3082,13
3083,11
3084,26
3085,28
3086,9
3087,77
3088,240
3089,59
3090,7
3091,23
3092,27
3093,356
3094,45
3095,102
3096,81
3097,52
3098,59
3099,1
3100,16
3101,16
3102,1
3103,147
3104,21
3105,2
3106,30
3107,4
3108,28
3109,65
3110,175
3111,41
3112,154
3113,54
3114,60
3115,3
3116,61
3117,6
3118,92
3119,39
3120,40
3121,1
3122,0
3123,4
3124,11
3125,9
3126,5
3127,74
3128,4
3129,34
3130,15
3131,1
3132,32
3133,20
3134,120
3135,1
3136,5
3137,4
3138,45
3139,24
3140,246
3141,54
3142,87
3143,36
3144,186
3145,4
3146,74
3147,3
3148,94
3149,7
3150,14
3151,428
3152,68
3153,3
3154,30
3155,2
3156,3
3157,33
3158,5
3159,0
3160,87
3161,36
3162,42
3163,6
3164,45
3165,93
3166,24
3167,24
3168,76
3169,15
3170,72
3171,21
3172,29
3173,12
3174,27
3175,48
3176,34
3177,47
3178,235
3179,230
3180,32
3181,52
3182,92
3183,120
3184,9
3185,1
3186,27
3187,42
3188,84
3189,33
3190,161
3191,5
3192,22
3193,11
3194,10
3195,1
3196,70
3197,67
3198,1
3199,2
3200,25
3201,193
3202,63
3203,2
3204,3
3205,7
3206,10
3207,4
3208,27
3209,152
3210,17
3211,33
3212,43
3213,2
3214,222
3215,37
3216,9
3217,10
3218,1
3219,22
3220,15
3221,15
3222,147
3223,25
3224,17
3225,44
3226,2
3227,82
3228,123
3229,25
3230,216
3231,9
3232,2
3233,6
3234,8
3235,18
3236,8
3237,24
3238,12
3239,23
3240,10
3241,3
3242,52
3243,1
3244,0
3245,15
3246,6
3247,15
3248,16
3249,54
3250,105
3251,2
3252,82
3253,4
3254,41
3255,7
3256,45
3257,141
3258,0
3259,172
3260,4
3261,57
3262,432
3263,6
3264,34
3265,4
3266,15
3267,26
3268,16
3269,22
3270,250
3271,21
3272,7
3273,0
3274,6
3275,12
3276,29
3277,1
3278,81
3279,36
3280,11
3281,141
3282,6
3283,59
3284,8
3285,22
3286,41
3287,266
3288,25
3289,144
3290,169
3291,56
3292,93
3293,64
3294,84
3295,107
3296,509
3297,5
3298,2
3299,32
3300,1
3301,7
3302,209
3303,1
3304,73
3305,5
3306,3
3307,11
3308,10
3309,62
3310,78
3311,29
3312,7
3313,14
3314,98
3315,20
3316,15
3317,6
3318,10
3319,48
3320,16
3321,2
3322,93
3323,0
3324,44
3325,88
3326,15
3327,26
3328,39
3329,97
3330,433
3331,37
3332,94
3333,6
3334,12
3335,63
3336,35
3337,106
3338,21
3339,43
3340,108
3341,30
3342,2
3343,23
3344,12
3345,1
3346,16
3347,464
3348,20
3349,24
3350,6
3351,7
3352,8
3353,55
3354,11
3355,0
3356,50
3357,49
3358,457
3359,150
3360,27
3361,27
3362,4
3363,49
3364,50
3365,6
3366,82
3367,164
3368,318
3369,39
3370,87
3371,133
3372,12
3373,3
3374,28
3375,1
3376,148
3377,31
3378,5
3379,103
3380,18
3381,55
3382,15
3383,33
3384,195
3385,6
3386,8
3387,214
3388,123
3389,40
3390,47
3391,177
3392,322
3393,16
3394,8
3395,217
3396,79
3397,0
3398,12
3399,6
3400,24
3401,4
3402,221
3403,12
3404,26
3405,53
3406,43
3407,10
3408,11
3409,20
3410,3
3411,38
3412,0
3413,14
3414,39
3415,36
3416,198
3417,55
3418,57
3419,82
3420,152
3421,12
3422,13
3423,9
3424,35
3425,58
3426,76
3427,11
3428,2
3429,5
3430,12
3431,56
3432,4
3433,17
3434,0
3435,3
3436,3
3437,48
3438,81
3439,11
3440,34
3441,1
3442,11
3443,1
3444,65
3445,2
3446,133
3447,0
3448,4
3449,0
3450,13
3451,8
3452,2
3453,31
3454,0
3455,25
3456,13
3457,121
3458,150
3459,31
3460,33
3461,32
3462,8
3463,3
3464,45
3465,68
3466,15
3467,4
3468,5
3469,126
3470,83
3471,0
3472,164
3473,2
3474,15
3475,0
3476,46
3477,4
3478,0
3479,20
3480,43
3481,25
3482,9
3483,2
3484,50
3485,125
3486,127
3487,17
3488,5
3489,46
3490,4
3491,8
3492,46
3493,99
3494,1
3495,20
3496,12
3497,101
3498,2
3499,92
3500,7
3501,56
3502,46
3503,49
3504,70
3505,8
3506,0
3507,43
3508,223
3509,17
3510,2
3511,2
3512,2
3513,40
3514,1
3515,7
3516,20
3517,3
3518,384
3519,157
3520,1
3521,85
3522,6
3523,7
3524,92
3525,43
3526,21
3527,169
3528,118
3529,98
3530,165
3531,38
3532,21
3533,0
3534,1
3535,47
3536,15
3537,15
3538,112
3539,12
3540,7
3541,73
3542,12
3543,31
3544,105
3545,56
3546,2
3547,45
3548,324
3549,39
3550,36
3551,45
3552,25
3553,69
3554,33
3555,170
3556,237
3557,2
3558,141
3559,13
3560,40
3561,5
3562,59
3563,60
3564,37
3565,33
3566,188
3567,54
3568,0
3569,1
3570,36
3571,78
3572,66
3573,0
3574,14
3575,11
3576,3
3577,33
3578,49
3579,297
3580,4
3581,5
3582,27
3583,0
3584,27
3585,5
3586,35
3587,32
3588,14
3589,7
3590,39
3591,6
3592,9
3593,3
3594,7
3595,7
3596,19
3597,46
3598,0
3599,1
3600,44
3601,74
3602,102
3603,35
3604,40
3605,31
3606,41
3607,200
3608,12
3609,18
3610,13
3611,9
3612,182
3613,4
3614,26
3615,104
3616,136
3617,48
3618,51
3619,29
3620,5
3621,8
3622,37
3623,16
3624,0
3625,13
3626,126
3627,1
3628,7
3629,1
3630,4
3631,83
3632,2
3633,42
3634,0
3635,269
3636,79
3637,7
3638,50
3639,22
3640,84
3641,2
3642,0
3643,78
3644,143
3645,29
3646,15
3647,38
3648,132
3649,194
3650,87
3651,15
3652,11
3653,205
3654,90
3655,1
3656,38
3657,11
3658,21
3659,2
3660,1
3661,17
3662,25
3663,72
3664,9
3665,21
3666,7
3667,44
3668,0
3669,302
3670,20
3671,71
3672,131
3673,29
3674,2
3675,6
3676,17
3677,4
3678,16
3679,77
3680,24
3681,83
3682,103
3683,8
3684,11
3685,40
3686,219
3687,9
3688,18
3689,13
3690,50
3691,53
3692,29
3693,14
3694,4
3695,91
3696,49
3697,63
3698,38
3699,80
3700,11
3701,38
3702,197
3703,25
3704,10
3705,12
3706,30
3707,24
3708,15
3709,50
3710,67
3711,12
3712,32
3713,145
3714,69
3715,2
3716,326
3717,113
3718,173
3719,45
3720,1
3721,7
3722,36
3723,3
3724,1
3725,133
3726,89
3727,55
3728,206
3729,67
3730,223
3731,57
3732,82
3733,8
3734,230
3735,69
3736,292
3737,33
3738,38
3739,5
3740,31
3741,16
3742,115
3743,87
3744,55
3745,5
3746,50
3747,22
3748,0
3749,8
3750,6
3751,86
3752,23
3753,3
3754,113
3755,63
3756,8
3757,1
3758,70
3759,0
3760,61
3761,153
3762,36
3763,4
3764,35
3765,1
3766,0
3767,54
3768,9
3769,65
3770,3
3771,10
3772,5
3773,16
3774,7
3775,28
3776,25
3777,18
3778,21
3779,15
3780,97
3781,36
3782,114
3783,98
3784,32
3785,0
3786,5
3787,5
3788,19
3789,6
3790,0
3791,3
3792,101
3793,9
3794,13
3795,29
3796,19
3797,14
3798,12
3799,35
3800,4
3801,16
3802,4
3803,35
3804,25
3805,5
3806,4
3807,30
3808,56
3809,13
3810,453
3811,16
3812,95
3813,42
3814,8
3815,3
3816,59
3817,10
3818,86
3819,1
3820,14
3821,1
3822,163
3823,7
3824,3
3825,187
3826,47
3827,44
3828,318
3829,46
3830,9
3831,6
3832,197
3833,64
3834,70
3835,63
3836,1
3837,74
3838,38
3839,42
3840,18
3841,9
3842,126
3843,6
3844,10
3845,4
3846,515
3847,11
3848,55
3849,19
3850,7
3851,25
3852,39
3853,12
3854,9
3855,26
3856,11
3857,95
3858,9
3859,13
3860,120
3861,135
3862,274
3863,183
3864,10
3865,98
3866,8
3867,78
3868,116
3869,1
3870,58
3871,44
3872,2
3873,7
3874,79
3875,103
3876,22
3877,177
3878,319
3879,8
3880,67
3881,1
3882,3
3883,53
3884,91
3885,231
3886,9
3887,99
3888,2
3889,83
3890,400
3891,31
3892,128
3893,115
3894,263
3895,90
3896,3
3897,97
3898,36
3899,0
3900,5
3901,42
3902,87
3903,84
3904,15
3905,4
3906,7
3907,5
3908,7
3909,12
3910,36
3911,84
3912,42
3913,115
3914,44
3915,3
3916,10
3917,19
3918,3
3919,30
3920,259
3921,362
3922,50
3923,28
3924,49
3925,6
3926,70
3927,58
3928,66
3929,6
3930,0
3931,12
3932,127
3933,41
3934,0
3935,38
3936,7
3937,7
3938,232
3939,29
3940,27
3941,6
3942,52
3943,10
3944,11
3945,1
3946,6
3947,10
3948,115
3949,5
3950,30
3951,11
3952,7
3953,6
3954,96
3955,53
3956,5
3957,32
3958,30
3959,2
3960,17
3961,52
3962,138
3963,96
3964,88
3965,8
3966,27
3967,6
3968,9
3969,3
3970,129
3971,0
3972,25
3973,51
3974,57
3975,644
3976,6
3977,71
3978,0
3979,26
3980,137
3981,14
3982,2
3983,0
3984,97
3985,12
3986,0
3987,6
3988,6
3989,10
3990,34
3991,33
3992,77
3993,495
3994,1
3995,22
3996,37
3997,79
3998,1
3999,183
4000,2
4001,53
4002,177
4003,23
4004,8
4005,1
4006,1
4007,66
4008,14
4009,115
4010,116
4011,33
4012,37
4013,32
4014,151
4015,145
4016,105
4017,67
4018,2
4019,109
4020,70
4021,122
4022,532
4023,79
4024,408
4025,44
4026,1
4027,13
4028,37
4029,226
4030,27
4031,38
4032,20
4033,25
4034,39
4035,42
4036,9
4037,515
4038,28
4039,3
4040,170
4041,74
4042,65
4043,2
4044,45
4045,791
4046,82
4047,13
4048,4
4049,8
4050,290
4051,79
4052,11
4053,14
4054,37
4055,27
4056,38
4057,67
4058,21
4059,46
4060,25
4061,7
4062,4
4063,111
4064,45
4065,1
4066,5
4067,49
4068,1
4069,15
4070,6
4071,111
4072,5
4073,72
4074,8
4075,35
4076,14
4077,54
4078,31
4079,9
4080,134
4081,15
4082,118
4083,25
4084,140
4085,44
4086,27
4087,3
4088,80
4089,115
4090,34
4091,0
4092,0
4093,9
4094,124
4095,88
4096,38
4097,31
4098,16
4099,5
4100,3
4101,60
4102,16
4103,24
4104,7
4105,119
4106,1
4107,11
4108,37
4109,52
4110,65
4111,12
4112,138
4113,51
4114,0
4115,6
4116,5
4117,42
4118,94
4119,88
4120,0
4121,140
4122,112
4123,6
4124,17
4125,2
4126,57
4127,11
4128,8
4129,9
4130,15
4131,107
4132,39
4133,61
4134,15
4135,34
4136,92
4137,20
4138,9
4139,1
4140,34
4141,176
4142,100
4143,89
4144,3
4145,91
4146,86
4147,12
4148,43
4149,130
4150,5
4151,1
4152,20
4153,75
4154,27
4155,6
4156,12
4157,75
4158,19
4159,51
4160,45
4161,37
4162,95
4163,38
4164,7
4165,27
4166,247
4167,46
4168,23
4169,24
4170,5
4171,20
4172,96
4173,33
4174,143
4175,715
4176,75
4177,50
4178,10
4179,13
4180,68
4181,37
4182,84
4183,7
4184,41
4185,2
4186,66
4187,129
4188,86
4189,271
4190,74
4191,272
4192,18
4193,13
4194,149
4195,79
4196,93
4197,52
4198,42
4199,109
4200,56
4201,76
4202,1
4203,26
4204,12
4205,17
4206,21
4207,8
4208,16
4209,169
4210,0
4211,29
4212,35
4213,64
4214,32
4215,47
4216,31
4217,131
4218,175
4219,40
4220,36
4221,21
4222,64
4223,14
4224,192
4225,0
4226,4
4227,55
4228,5
4229,112
4230,31
4231,134
4232,60
4233,26
4234,13
4235,51
4236,12
4237,141
4238,19
4239,3
4240,14
4241,6
4242,4
4243,15
4244,66
4245,4
4246,10
4247,1
4248,200
4249,81
4250,35
4251,3
4252,10
4253,134
4254,1
4255,253
4256,13
4257,63
4258,6
4259,134
4260,57
4261,5
4262,2
4263,25
4264,3
4265,54
4266,3
4267,60
4268,69
4269,26
4270,5
4271,1
4272,6
4273,2
4274,17
4275,135
4276,3
4277,15
4278,475
4279,102
4280,32
4281,3
4282,18
4283,5
4284,26
4285,85
4286,140
4287,34
4288,54
4289,0
4290,11
4291,44
4292,0
4293,45
4294,4
4295,22
4296,105
4297,15
4298,2
4299,31
4300,200
4301,3
4302,61
4303,18
4304,11
4305,8
4306,24
4307,29
4308,75
4309,27
4310,10
4311,81
4312,124
4313,183
4314,69
4315,2
4316,50
4317,17
4318,5
4319,88
4320,52
4321,62
4322,6
4323,2
4324,8
4325,3
4326,1
4327,5
4328,29
4329,2
4330,101
4331,89
4332,6
4333,31
4334,43
4335,74
4336,11
4337,199
4338,105
4339,12
4340,11
4341,93
4342,38
4343,43
4344,157
4345,6
4346,10
4347,58
4348,51
4349,11
4350,3
4351,25
4352,2
4353,99
4354,7
4355,102
4356,8
4357,51
4358,144
4359,114
4360,33
4361,63
4362,2
4363,9
4364,105
4365,52
4366,3
4367,77
4368,23
4369,4
4370,14
4371,199
4372,10
4373,0
4374,68
4375,20
4376,20
4377,148
4378,5
4379,91
4380,64
4381,33
4382,100
4383,53
4384,8
4385,609
4386,14
4387,8
4388,52
4389,2
4390,129
4391,2
4392,1
4393,6
4394,5
4395,3
4396,4
4397,48
4398,3
4399,83
4400,79
4401,70
4402,58
4403,5
4404,3
4405,24
4406,117
4407,13
4408,115
4409,91
4410,91
4411,65
4412,33
4413,116
4414,56
4415,283
4416,37
4417,19
4418,7
4419,30
4420,87
4421,333
4422,34
4423,3
4424,16
4425,23
4426,36
4427,6
4428,46
4429,4
4430,6
4431,61
4432,58
4433,3
4434,54
4435,23
4436,111
4437,11
4438,10
4439,23
4440,196
4441,19
4442,139
4443,68
4444,5
4445,14
4446,2
4447,2
4448,11
4449,3
4450,6
4451,27
4452,4
4453,39
4454,46
4455,118
4456,40
4457,154
4458,394
4459,12
4460,24
4461,8
4462,35
4463,93
4464,27
4465,232
4466,18
4467,498
4468,1
4469,4
4470,14
4471,46
4472,1
4473,14
4474,41
4475,3
4476,10
4477,29
4478,195
4479,47
4480,69
4481,87
4482,24
4483,17
4484,95
4485,63
4486,8
4487,0
4488,49
4489,67
4490,9
4491,61
4492,0
4493,61
4494,1
4495,1
4496,27
4497,7
4498,29
4499,21
4500,25
4501,7
4502,12
4503,47
4504,51
4505,8
4506,111
4507,85
4508,8
4509,3
4510,105
4511,4
4512,32
4513,4
4514,5
4515,5
4516,60
4517,56
4518,81
4519,9
4520,5
4521,27
4522,21
4523,6
4524,1
4525,3
4526,1
4527,22
4528,112
4529,51
4530,79
4531,752
4532,4
4533,1
4534,138
4535,15
4536,7
4537,85
4538,44
4539,236
4540,24
4541,3
4542,18
4543,15
4544,58
4545,124
4546,21
4547,27
4548,13
4549,52
4550,356
4551,20
4552,11
4553,45
4554,37
4555,17
4556,137
4557,37
4558,48
4559,58
4560,190
4561,209
4562,2
4563,9
4564,431
4565,74
4566,14
4567,19
4568,44
4569,6
4570,41
4571,44
4572,6
4573,23
4574,10
4575,112
4576,49
4577,5
4578,29
4579,42
4580,6
4581,235
4582,62
4583,10
4584,35
4585,20
4586,28
4587,38
4588,52
4589,128
4590,6
4591,11
4592,82
4593,118
4594,2
4595,12
4596,1
4597,20
4598,6
4599,6
4600,29
4601,9
4602,94
4603,52
4604,4
4605,37
4606,0
4607,21
4608,1
4609,13
4610,48
4611,32
4612,78
4613,2
4614,41
4615,12
4616,59
4617,6
4618,13
4619,10
4620,19
4621,39
4622,2
4623,42
4624,6
4625,30
4626,33
4627,41
4628,126
4629,32
4630,116
4631,9
4632,90
4633,39
4634,8
4635,3
4636,4
4637,4
4638,59
4639,4
4640,64
4641,7
4642,4
4643,66
4644,142
4645,7
4646,8
4647,2
4648,0
4649,5
4650,9
4651,14
4652,4
4653,11
4654,60
4655,12
4656,17
4657,91
4658,87
4659,12
4660,36
4661,21
4662,37
4663,1
4664,4
4665,2
4666,62
4667,63
4668,140
4669,41
4670,40
4671,189
4672,40
4673,15
4674,79
4675,166
4676,1
4677,49
4678,620
4679,58
4680,51
4681,91
4682,3
4683,9
4684,72
4685,74
4686,0
4687,182
4688,2
4689,0
4690,7
4691,61
4692,105
4693,56
4694,278
4695,42
4696,129
4697,69
4698,84
4699,8
4700,6
4701,8
4702,263
4703,0
4704,4
4705,13
4706,45
4707,12
4708,5
4709,5
4710,34
4711,153
4712,6
4713,21
4714,4
4715,46
4716,64
4717,37
4718,56
4719,126
4720,22
4721,39
4722,78
4723,63
4724,14
4725,1
4726,7
4727,1
4728,5
4729,88
4730,0
4731,34
4732,11
4733,1
4734,143
4735,13
4736,25
4737,3
4738,0
4739,43
4740,19
4741,35
4742,37
4743,38
4744,134
4745,0
4746,0
4747,46
4748,25
4749,77
4750,18
4751,26
4752,2
4753,104
4754,9
4755,8
4756,14
4757,0
4758,21
4759,57
4760,55
4761,51
4762,1
4763,1
4764,8
4765,10
4766,8
4767,137
4768,7
4769,15
4770,58
4771,2
4772,30
4773,19
4774,6
4775,33
4776,49
4777,83
4778,105
4779,30
4780,24
4781,41
4782,9
4783,32
4784,5
4785,17
4786,29
4787,0
4788,12
4789,0
4790,24
4791,24
4792,8
4793,101
4794,14
4795,5
4796,220
4797,7
4798,13
4799,18
4800,66
4801,63
4802,26
4803,33
4804,11
4805,2
4806,0
4807,188
4808,22
4809,22
4810,0
4811,65
4812,20
4813,234
4814,38
4815,25
4816,23
4817,3
4818,225
4819,82
4820,0
4821,10
4822,1
4823,56
4824,22
4825,2
4826,38
4827,48
4828,12
4829,39
4830,10
4831,71
4832,160
4833,60
4834,185
4835,114
4836,80
4837,6
4838,43
4839,2
4840,187
4841,28
4842,67
4843,3
4844,52
4845,7
4846,15
4847,62
4848,44
4849,19
4850,19
4851,91
4852,4
4853,44
4854,2
4855,4
4856,5
4857,30
4858,5
4859,54
4860,17
4861,129
4862,9
4863,147
4864,1
4865,128
4866,227
4867,147
4868,0
4869,30
4870,1
4871,145
4872,54
4873,25
4874,88
4875,2
4876,12
4877,139
4878,35
4879,32
4880,115
4881,3
4882,0
4883,45
4884,10
4885,36
4886,1
4887,3
4888,13
4889,63
4890,111
4891,9
4892,55
4893,38
4894,63
4895,12
4896,28
4897,43
4898,79
4899,81
4900,39
4901,21
4902,22
4903,3
4904,0
4905,62
4906,73
4907,74
4908,37
4909,83
4910,115
4911,15
4912,16
4913,25
4914,196
4915,43
4916,42
4917,49
4918,147
4919,246
4920,4
4921,10
4922,1
4923,64
4924,86
4925,34
4926,0
4927,102
4928,3
4929,108
4930,60
4931,3
4932,11
4933,51
4934,37
4935,9
4936,7
4937,3
4938,46
4939,9
4940,90
4941,49
4942,18
4943,8
4944,57
4945,5
4946,93
4947,0
4948,54
4949,79
4950,0
4951,206
4952,11
4953,165
4954,1
4955,7
4956,120
4957,16
4958,31
4959,32
4960,47
4961,3
4962,282
4963,61
4964,11
4965,60
4966,78
4967,62
4968,12
4969,2
4970,24
4971,32
4972,0
4973,34
4974,27
4975,586
4976,18
4977,96
4978,0
4979,0
4980,24
4981,1
4982,19
4983,0
4984,141
4985,7
4986,102
4987,22
4988,91
4989,67
4990,121
4991,5
4992,73
4993,43
4994,41
4995,6
4996,94
4997,38
4998,28
4999,229
5000,7
5001,35
5002,4
5003,135
5004,49
5005,111
5006,315
5007,7
5008,397
5009,34
5010,54
5011,10
5012,377
5013,36
5014,99
5015,0
5016,1
5017,17
5018,37
5019,7
5020,12
5021,35
5022,32
5023,79
5024,0
5025,2
5026,80
5027,24
5028,367
5029,73
5030,40
5031,38
5032,11
5033,6
5034,71
5035,6
5036,99
5037,6
5038,68
5039,264
5040,130
5041,56
5042,54
5043,81
5044,7
5045,3
5046,32
5047,234
5048,189
5049,17
5050,1
5051,1
5052,58
5053,217
5054,5
5055,5
5056,91
5057,12
5058,66
5059,84
5060,4
5061,99
5062,56
5063,73
5064,205
5065,4
5066,92
5067,35
5068,0
5069,184
5070,85
5071,34
5072,41
5073,8
5074,1
5075,175
5076,280
5077,4
5078,33
5079,57
5080,96
5081,82
5082,30
5083,97
5084,5
5085,61
5086,19
5087,49
5088,13
5089,29
5090,50
5091,1
5092,108
5093,64
5094,51
5095,0
5096,5
5097,1
5098,374
5099,23
5100,157
5101,41
5102,3
5103,19
5104,94
5105,98
5106,9
5107,21
5108,15
5109,4
5110,26
5111,181
5112,63
5113,0
5114,66
5115,221
5116,12
5117,165
5118,7
5119,350
5120,37
5121,158
5122,32
5123,100
5124,73
5125,3
5126,15
5127,89
5128,589
5129,72
5130,112
5131,27
5132,6
5133,12
5134,78
5135,32
5136,34
5137,4
5138,65
5139,3
5140,2
5141,146
5142,41
5143,30
5144,36
5145,16
5146,3
5147,109
5148,240
5149,10
5150,1
5151,34
5152,7
5153,644
5154,1
5155,14
5156,1
5157,151
5158,7
5159,56
5160,85
5161,2
5162,17
5163,15
5164,8
5165,553
5166,21
5167,1
5168,16
5169,83
5170,59
5171,50
5172,6
5173,1
5174,29
5175,33
5176,57
5177,55
5178,332
5179,0
5180,89
5181,4
5182,56
5183,5
5184,7
5185,8
5186,19
5187,1
5188,30
5189,70
5190,296
5191,0
5192,2
5193,353
5194,8
5195,493
5196,199
5197,10
5198,63
5199,9
5200,145
5201,0
5202,39
5203,4
5204,2
5205,133
5206,1
5207,43
5208,71
5209,4
5210,42
5211,14
5212,0
5213,32
5214,2
5215,14
5216,38
5217,44
5218,9
5219,1
5220,35
5221,4
5222,140
5223,113
5224,12
5225,24
5226,2
5227,9
5228,0
5229,41
5230,34
5231,14
5232,30
5233,24
5234,18
5235,52
5236,77
5237,63
5238,10
5239,36
5240,479
5241,7
5242,16
5243,15
5244,35
5245,39
5246,4
5247,101
5248,190
5249,131
5250,11
5251,44
5252,0
5253,74
5254,92
5255,4
5256,69
5257,21
5258,13
5259,10
5260,80
5261,86
5262,52
5263,14
5264,29
5265,12
5266,80
5267,6
5268,12
5269,1
5270,33
5271,0
5272,26
5273,2
5274,80
5275,91
5276,4
5277,22
5278,0
5279,115
5280,0
5281,337
5282,44
5283,10
5284,161
5285,151
5286,30
5287,49
5288,30
5289,61
5290,31
5291,22
5292,45
5293,69
5294,4
5295,78
5296,163
5297,154
5298,19
5299,169
5300,11
5301,107
5302,17
5303,192
5304,65
5305,14
5306,2
5307,480
5308,63
5309,7
5310,0
5311,53
5312,10
5313,70
5314,40
5315,49
5316,11
5317,47
5318,1
5319,9
5320,86
5321,281
5322,338
5323,74
5324,91
5325,34
5326,13
5327,43
5328,80
5329,4
5330,35
5331,1
5332,1
5333,181
5334,23
5335,0
5336,52
5337,75
5338,3
5339,102
5340,44
5341,53
5342,1
5343,14
5344,4
5345,54
5346,9
5347,2
5348,0
5349,23
5350,13
5351,5
5352,0
5353,5
5354,171
5355,4
5356,60
5357,6
5358,411
5359,7
5360,6
5361,6
5362,69
5363,5
5364,5
5365,61
5366,37
5367,28
5368,60
5369,39
5370,72
5371,36
5372,88
5373,102
5374,5
5375,15
5376,24
5377,134
5378,71
5379,1
5380,43
5381,25
5382,21
5383,37
5384,11
5385,40
5386,36
5387,12
5388,9
5389,154
5390,39
5391,115
5392,23
5393,56
5394,41
5395,10
5396,54
5397,37
5398,5
5399,3
5400,4
5401,61
5402,71
5403,47
5404,84
5405,2
5406,24
5407,19
5408,1
5409,43
5410,2
5411,281
5412,69
5413,468
5414,3
5415,20
5416,99
5417,10
5418,45
5419,158
5420,2
5421,63
5422,48
5423,182
5424,3
5425,28
5426,26
5427,13
5428,43
5429,11
5430,112
5431,9
5432,925
5433,38
5434,63
5435,96
5436,10
5437,119
5438,96
5439,23
5440,107
5441,22
5442,104
5443,68
5444,2
5445,0
5446,8
5447,49
5448,28
5449,29
5450,84
5451,34
5452,1
5453,12
5454,0
5455,5
5456,0
5457,16
5458,81
5459,1
5460,38
5461,4
5462,44
5463,11
5464,0
5465,144
5466,43
5467,11
5468,21
5469,28
5470,128
5471,44
5472,37
5473,4
5474,27
5475,16
5476,80
5477,448
5478,19
5479,27
5480,140
5481,12
5482,0
5483,93
5484,154
5485,528
5486,133
5487,21
5488,14
5489,64
5490,41
5491,12
5492,30
5493,119
5494,3
5495,78
5496,3
5497,2
5498,150
5499,17
5500,406
5501,48
5502,56
5503,7
5504,0
5505,39
5506,18
5507,54
5508,8
5509,13
5510,32
5511,78
5512,7
5513,3
5514,2
5515,99
5516,7
5517,16
5518,9
5519,61
5520,11
5521,82
5522,42
5523,8
5524,57
5525,20
5526,9
5527,52
5528,4
5529,239
5530,1
5531,48
5532,42
5533,36
5534,4
5535,44
5536,37
5537,148
5538,178
5539,110
5540,48
5541,9
5542,80
5543,28
5544,12
5545,76
5546,28
5547,13
5548,1
5549,53
5550,44
5551,49
5552,8
5553,5
5554,60
5555,4
5556,72
5557,2
5558,1
5559,7
5560,35
5561,25
5562,38
5563,37
5564,12
5565,38
5566,6
5567,13
5568,8
5569,528
5570,167
5571,5
5572,117
5573,79
5574,3
5575,45
5576,60
5577,33
5578,5
5579,0
5580,12
5581,7
5582,20
5583,35
5584,39
5585,7
5586,97
5587,1
5588,17
5589,29
5590,4
5591,50
5592,59
5593,482
5594,226
5595,464
5596,5
5597,2
5598,2
5599,126
5600,10
5601,2
5602,7
5603,68
5604,0
5605,25
5606,52
5607,65
5608,2
5609,1
5610,7
5611,433
5612,260
5613,156
5614,41
5615,3
5616,201
5617,7
5618,82
5619,76
5620,135
5621,18
5622,146
5623,7
5624,4
5625,1
5626,107
5627,60
5628,193
5629,151
5630,211
5631,22
5632,2
5633,1
5634,181
5635,24
5636,54
5637,24
5638,35
5639,26
5640,4
5641,141
5642,41
5643,26
5644,28
5645,96
5646,66
5647,125
5648,31
5649,11
5650,168
5651,18
5652,56
5653,22
5654,41
5655,56
5656,59
5657,6
5658,8
5659,255
5660,2
5661,274
5662,20
5663,60
5664,6
5665,29
5666,80
5667,1
5668,1
5669,68
5670,77
5671,3
5672,11
5673,175
5674,16
5675,11
5676,37
5677,3
5678,153
5679,12
5680,10
5681,40
5682,8
5683,26
5684,4
5685,76
5686,82
5687,208
5688,1
5689,56
5690,58
5691,33
5692,49
5693,36
5694,6
5695,296
5696,8
5697,103
5698,1
5699,4
5700,1
5701,108
5702,5
5703,8
5704,10
5705,27
5706,739
5707,86
5708,6
5709,14
5710,1
5711,11
5712,43
5713,59
5714,48
5715,8
5716,14
5717,18
5718,0
5719,542
5720,20
5721,6
5722,1
5723,1
5724,73
5725,97
5726,76
5727,12
5728,3
5729,3
5730,2
5731,173
5732,26
5733,51
5734,11
5735,42
5736,10
5737,51
5738,48
5739,53
5740,51
5741,39
5742,15
5743,288
5744,422
5745,17
5746,7
5747,153
5748,119
5749,5
5750,4
5751,7
5752,28
5753,54
5754,23
5755,124
5756,1
5757,565
5758,69
5759,59
5760,7
5761,27
5762,80
5763,392
5764,454
5765,53
5766,2
5767,8
5768,3
5769,203
5770,467
5771,38
5772,1
5773,54
5774,45
5775,56
5776,6
5777,62
5778,36
5779,53
5780,25
5781,58
5782,23
5783,2
5784,106
5785,34
5786,9
5787,9
5788,42
5789,125
5790,12
5791,206
5792,14
5793,6
5794,0
5795,208
5796,2
5797,17
5798,1
5799,57
5800,34
5801,70
5802,87
5803,203
5804,225
5805,87
5806,7
5807,42
5808,12
5809,71
5810,131
5811,114
5812,4
5813,124
5814,87
5815,2
5816,1
5817,139
5818,6
5819,53
5820,1
5821,23
5822,6
5823,0
5824,535
5825,48
5826,1
5827,157
5828,127
5829,25
5830,4
5831,102
5832,8
5833,0
5834,106
5835,33
5836,142
5837,19
5838,150
5839,17
5840,89
5841,7
5842,36
5843,81
5844,33
5845,64
5846,13
5847,6
5848,51
5849,184
5850,2
5851,32
5852,6
5853,12
5854,26
5855,34
5856,15
5857,21
5858,594
5859,38
5860,59
5861,21
5862,101
5863,35
5864,90
5865,63
5866,10
5867,4
5868,210
5869,2
5870,319
5871,123
5872,16
5873,132
5874,21
5875,2
5876,19
5877,43
5878,91
5879,1
5880,56
5881,47
5882,12
5883,10
5884,24
5885,11
5886,69
5887,47
5888,6
5889,11
5890,64
5891,12
5892,11
5893,88
5894,176
5895,76
5896,8
5897,51
5898,57
5899,85
5900,4
5901,21
5902,38
5903,5
5904,152
5905,212
5906,59
5907,6
5908,84
5909,7
5910,59
5911,51
5912,1
5913,15
5914,34
5915,3
5916,18
5917,126
5918,523
5919,2
5920,8
5921,7
5922,11
5923,0
5924,76
5925,14
5926,36
5927,26
5928,0
5929,11
5930,46
5931,124
5932,308
5933,10
5934,1
5935,4
5936,29
5937,8
5938,134
5939,0
5940,5
5941,55
5942,73
5943,70
5944,48
5945,14
5946,0
5947,4
5948,10
5949,25
5950,58
5951,22
5952,39
5953,106
5954,91
5955,0
5956,0
5957,4
5958,132
5959,91
5960,428
5961,24
5962,6
5963,0
5964,6
5965,7
5966,69
5967,53
5968,22
5969,13
5970,0
5971,118
5972,81
5973,12
5974,5
5975,10
5976,48
5977,16
5978,124
5979,60
5980,51
5981,8
5982,217
5983,119
5984,260
5985,132
5986,0
5987,2
5988,3
5989,49
5990,40
5991,48
5992,178
5993,5
5994,135
5995,61
5996,201
5997,3
5998,3
5999,9
6000,4
6001,260
6002,193
6003,69
6004,4
6005,27
6006,40
6007,9
6008,2
6009,1
6010,160
6011,61
6012,17
6013,61
6014,14
6015,0
6016,284
6017,249
6018,33
6019,33
6020,7
6021,117
6022,2
6023,6
6024,121
6025,5
6026,533
6027,223
6028,8
6029,3
6030,22
6031,11
6032,95
6033,6
6034,1
6035,28
6036,190
6037,13
6038,125
6039,9
6040,4
6041,166
6042,127
6043,11
6044,1
6045,15
6046,43
6047,21
6048,51
6049,156
6050,169
6051,1
6052,81
6053,0
6054,71
6055,118
6056,102
6057,6
6058,8
6059,8
6060,5
6061,0
6062,68
6063,1
6064,34
6065,85
6066,3
6067,19
6068,40
6069,91
6070,33
6071,34
6072,129
6073,292
6074,20
6075,5
6076,24
6077,98
6078,55
6079,58
6080,52
6081,1
6082,12
6083,44
6084,0
6085,3
6086,96
6087,280
6088,49
6089,79
6090,138
6091,187
6092,28
6093,152
6094,10
6095,70
6096,8
6097,70
6098,0
6099,13
6100,77
6101,9
6102,0
6103,29
6104,17
6105,12
6106,7
6107,156
6108,392
6109,3
6110,26
6111,98
6112,75
6113,48
6114,44
6115,13
6116,147
6117,318
6118,71
6119,355
6120,11
6121,11
6122,23
6123,0
6124,174
6125,3
6126,1
6127,26
6128,13
6129,113
6130,82
6131,35
6132,22
6133,23
6134,357
6135,6
6136,24
6137,33
6138,73
6139,10
6140,36
6141,4
6142,13
6143,30
6144,35
6145,15
6146,9
6147,76
6148,23
6149,102
6150,4
6151,15
6152,23
6153,14
6154,6
6155,15
6156,7
6157,1
6158,124
6159,10
6160,36
6161,13
6162,64
6163,270
6164,13
6165,51
6166,23
6167,44
6168,69
6169,5
6170,75
6171,8
6172,2
6173,77
6174,80
6175,25
6176,76
6177,49
6178,91
6179,49
6180,0
6181,2
6182,9
6183,4
6184,5
6185,247
6186,41
6187,46
6188,40
6189,37
6190,41
6191,8
6192,9
6193,2
6194,2
6195,76
6196,105
6197,19
6198,170
6199,52
6200,41
6201,15
6202,232
6203,3
6204,9
6205,60
6206,1
6207,4
6208,75
6209,30
6210,133
6211,818
6212,41
6213,14
6214,12
6215,6
6216,0
6217,11
6218,57
6219,148
6220,6
6221,48
6222,16
6223,38
6224,6
6225,41
6226,137
6227,24
6228,17
6229,36
6230,537
6231,37
6232,6
6233,108
6234,87
6235,158
6236,228
6237,38
6238,26
6239,80
6240,42
6241,20
6242,10
6243,234
6244,54
6245,55
6246,6
6247,48
6248,4
6249,103
6250,7
6251,1
6252,35
6253,205
6254,31
6255,205
6256,24
6257,1
6258,2
6259,0
6260,1
6261,4
6262,19
6263,92
6264,30
6265,74
6266,23
6267,13
6268,120
6269,40
6270,12
6271,101
6272,1
6273,498
6274,45
6275,83
6276,9
6277,7
6278,47
6279,66
6280,12
6281,216
6282,21
6283,187
6284,100
6285,119
6286,45
6287,2
6288,4
6289,15
6290,14
6291,26
6292,22
6293,25
6294,42
6295,40
6296,25
6297,2
6298,62
6299,3
6300,3
6301,4
6302,6
6303,23
6304,61
6305,35
6306,13
6307,66
6308,10
6309,112
6310,3
6311,10
6312,12
6313,53
6314,11
6315,1
6316,89
6317,164
6318,2
6319,161
6320,10
6321,28
6322,0
6323,88
6324,15
6325,8
6326,3
6327,5
6328,49
6329,48
6330,1
6331,7
6332,24
6333,74
6334,167
6335,53
6336,1
6337,6
6338,112
6339,201
6340,54
6341,97
6342,173
6343,7
6344,24
6345,232
6346,17
6347,6
6348,26
6349,533
6350,35
6351,1
6352,5
6353,30
6354,63
6355,7
6356,105
6357,8
6358,21
6359,2
6360,7
6361,36
6362,243
6363,35
6364,32
6365,16
6366,55
6367,30
6368,76
6369,283
6370,26
6371,3
6372,57
6373,44
6374,195
6375,352
6376,76
6377,0
6378,66
6379,1
6380,2
6381,2
6382,5
6383,6
6384,8
6385,8
6386,36
6387,63
6388,29
6389,6
6390,290
6391,3
6392,128
6393,60
6394,1
6395,33
6396,134
6397,0
6398,7
6399,14
6400,142
6401,179
6402,56
6403,11
6404,44
6405,0
6406,22
6407,109
6408,5
6409,8
6410,23
6411,76
6412,42
6413,29
6414,69
6415,138
6416,42
6417,5
6418,41
6419,58
6420,51
6421,8
6422,38
6423,36
6424,5
6425,16
6426,10
6427,85
6428,6
6429,20
6430,21
6431,69
6432,24
6433,108
6434,31
6435,15
6436,104
6437,134
6438,2
6439,1
6440,29
6441,9
6442,93
6443,74
6444,10
6445,18
6446,220
6447,7
6448,98
6449,77
6450,4
6451,157
6452,62
6453,30
6454,14
6455,36
6456,8
6457,22
6458,4
6459,5
6460,10
6461,89
6462,10
6463,186
6464,1
6465,650
6466,10
6467,34
6468,14
6469,61
6470,54
6471,40
6472,32
6473,11
6474,36
6475,4
6476,90
6477,41
6478,21
6479,20
6480,3
6481,0
6482,160
6483,44
6484,90
6485,13
6486,107
6487,26
6488,6
6489,212
6490,10
6491,4
6492,5
6493,1
6494,41
6495,17
6496,207
6497,7
6498,6
6499,182
6500,6
6501,9
6502,0
6503,58
6504,7
6505,36
6506,1
6507,30
6508,9
6509,34
6510,27
6511,14
6512,351
6513,47
6514,4
6515,70
6516,82
6517,6
6518,15
6519,18
6520,25
6521,29
6522,6
6523,126
6524,53
6525,33
6526,33
6527,68
6528,28
6529,3
6530,0
6531,113
6532,199
6533,49
6534,79
6535,194
6536,42
6537,182
6538,0
6539,170
6540,233
6541,0
6542,0
6543,11
6544,7
6545,75
6546,8
6547,64
6548,0
6549,115
6550,27
6551,4
6552,103
6553,38
6554,209
6555,24
6556,65
6557,7
6558,59
6559,2
6560,13
6561,90
6562,42
6563,1
6564,24
6565,89
6566,300
6567,107
6568,248
6569,10
6570,29
6571,171
6572,250
6573,52
6574,0
6575,65
6576,167
6577,13
6578,110
6579,35
6580,18
6581,3
6582,65
6583,174
6584,1
6585,40
6586,6
6587,9
6588,48
6589,424
6590,0
6591,2
6592,78
6593,123
6594,10
6595,34
6596,18
6597,7
6598,145
6599,1
6600,72
6601,1
6602,10
6603,25
6604,6
6605,11
6606,26
6607,5
6608,50
6609,6
6610,14
6611,8
6612,28
6613,29
6614,117
6615,5
6616,22
6617,38
6618,19
6619,0
6620,14
6621,8
6622,182
6623,3
6624,112
6625,142
6626,109
6627,10
6628,62
6629,0
6630,1
6631,262
6632,30
6633,6
6634,5
6635,127
6636,16
6637,1
6638,5
6639,103
6640,84
6641,55
6642,4
6643,8
6644,642
6645,36
6646,34
6647,5
6648,2
6649,1
6650,8
6651,222
6652,31
6653,0
6654,4
6655,287
6656,54
6657,30
6658,19
6659,26
6660,21
6661,13
6662,7
6663,10
6664,4
6665,4
6666,40
6667,175
6668,97
6669,0
6670,487
6671,191
6672,19
6673,69
6674,15
6675,23
6676,6
6677,21
6678,5
6679,31
6680,125
6681,207
6682,34
6683,86
6684,6
6685,8
6686,32
6687,4
6688,11
6689,46
6690,245
6691,169
6692,97
6693,93
6694,120
6695,130
6696,23
6697,3
6698,17
6699,50
6700,0
6701,5
6702,38
6703,7
6704,41
6705,62
6706,73
6707,93
6708,58
6709,15
6710,47
6711,41
6712,16
6713,260
6714,43
6715,47
6716,82
6717,1
6718,1
6719,106
6720,4
6721,85
6722,15
6723,28
6724,136
6725,15
6726,29
6727,1
6728,5
6729,1
6730,5
6731,30
6732,21
6733,15
6734,62
6735,8
6736,23
6737,28
6738,32
6739,28
6740,19
6741,9
6742,114
6743,1
6744,20
6745,20
6746,38
6747,26
6748,201
6749,64
6750,0
6751,67
6752,1
6753,0
6754,24
6755,70
6756,305
6757,82
6758,10
6759,14
6760,0
6761,307
6762,45
6763,77
6764,18
6765,61
6766,123
6767,1
6768,74
6769,38
6770,161
6771,5
6772,14
6773,14
6774,22
6775,11
6776,10
6777,29
6778,11
6779,0
6780,1
6781,375
6782,3
6783,6
6784,55
6785,12
6786,15
6787,46
6788,5
6789,42
6790,0
6791,124
6792,4
6793,99
6794,9
6795,24
6796,71
6797,3
6798,275
6799,11
6800,10
6801,116
6802,180
6803,33
6804,7
6805,254
6806,145
6807,50
6808,25
6809,2
6810,0
6811,1
6812,52
6813,173
6814,17
6815,64
6816,20
6817,43
6818,3
6819,52
6820,16
6821,61
6822,32
6823,165
6824,6
6825,6
6826,139
6827,0
6828,147
6829,75
6830,1
6831,15
6832,68
6833,11
6834,85
6835,21
6836,31
6837,161
6838,0
6839,123
6840,118
6841,22
6842,1
6843,46
6844,11
6845,19
6846,21
6847,17
6848,59
6849,3
6850,0
6851,371
6852,65
6853,44
6854,22
6855,0
6856,38
6857,25
6858,507
6859,7
6860,3
6861,2
6862,24
6863,28
6864,8
6865,92
6866,80
6867,74
6868,7
6869,105
6870,1
6871,35
6872,290
6873,1
6874,33
6875,29
6876,3
6877,102
6878,23
6879,5
6880,262
6881,41
6882,13
6883,1
6884,9
6885,0
6886,7
6887,51
6888,7
6889,26
6890,102
6891,493
6892,4
6893,42
6894,35
6895,114
6896,8
6897,52
6898,11
6899,81
6900,146
6901,5
6902,1
6903,7
6904,3
6905,1
6906,1
6907,52
6908,29
6909,5
6910,50
6911,71
6912,56
6913,50
6914,5
6915,40
6916,54
6917,47
6918,102
6919,31
6920,20
6921,163
6922,97
6923,427
6924,58
6925,165
6926,72
6927,31
6928,8
6929,94
6930,29
6931,6
6932,28
6933,82
6934,46
6935,231
6936,10
6937,50
6938,13
6939,80
6940,72
6941,20
6942,7
6943,18
6944,86
6945,3
6946,9
6947,194
6948,25
6949,13
6950,4
6951,76
6952,6
6953,34
6954,49
6955,238
6956,34
6957,5
6958,108
6959,15
6960,253
6961,4
6962,0
6963,28
6964,40
6965,126
6966,6
6967,83
6968,109
6969,6
6970,145
6971,8
6972,103
6973,17
6974,30
6975,40
6976,53
6977,5
6978,7
6979,5
6980,0
6981,62
6982,3
6983,26
6984,499
6985,76
6986,127
6987,74
6988,203
6989,29
6990,3
6991,105
6992,64
6993,4
6994,68
6995,6
6996,59
6997,141
6998,37
6999,44
7000,40
7001,17
7002,51
7003,23
7004,55
7005,83
7006,43
7007,137
7008,27
7009,56
7010,17
7011,9
7012,13
7013,13
7014,148
7015,19
7016,0
7017,5
7018,85
7019,102
7020,18
7021,38
7022,26
7023,133
7024,16
7025,3
7026,3
7027,4
7028,283
7029,200
7030,83
7031,88
7032,6
7033,4
7034,1
7035,23
7036,42
7037,65
7038,58
7039,27
7040,1
7041,117
7042,51
7043,19
7044,98
7045,10
7046,30
7047,15
7048,32
7049,21
7050,149
7051,6
7052,22
7053,1
7054,33
7055,51
7056,108
7057,57
7058,28
7059,53
7060,201
7061,35
7062,40
7063,116
7064,82
7065,141
7066,8
7067,13
7068,1
7069,10
7070,233
7071,122
7072,90
7073,64
7074,4
7075,13
7076,2
7077,4
7078,36
7079,56
7080,31
7081,7
7082,32
7083,0
7084,123
7085,169
7086,29
7087,4
7088,47
7089,37
7090,12
7091,87
7092,82
7093,0
7094,12
7095,8
7096,12
7097,1
7098,40
7099,103
7100,18
7101,5
7102,407
7103,0
7104,38
7105,8
7106,1
7107,191
7108,4
7109,121
7110,76
7111,690
7112,42
7113,17
7114,103
7115,77
7116,239
7117,9
7118,91
7119,54
7120,15
7121,34
7122,51
7123,82
7124,8
7125,0
7126,1
7127,4
7128,9
7129,1
7130,153
7131,35
7132,95
7133,26
7134,156
7135,10
7136,79
7137,106
7138,6
7139,10
7140,28
7141,35
7142,10
7143,42
7144,12
7145,65
7146,1
7147,315
7148,1139
7149,129
7150,2
7151,20
7152,13
7153,100
7154,25
7155,29
7156,7
7157,59
7158,36
7159,72
7160,424
7161,9
7162,47
7163,47
7164,8
7165,3
7166,411
7167,14
7168,31
7169,25
7170,86
7171,6
7172,32
7173,13
7174,13
7175,166
7176,68
7177,7
7178,6
7179,1
7180,9
7181,42
7182,82
7183,1
7184,124
7185,28
7186,27
7187,39
7188,14
7189,13
7190,118
7191,2
7192,7
7193,1
7194,4
7195,17
7196,239
7197,15
7198,56
7199,17
7200,112
7201,33
7202,17
7203,25
7204,84
7205,7
7206,1
7207,8
7208,143
7209,122
7210,57
7211,15
7212,103
7213,149
7214,1
7215,34
7216,63
7217,7
7218,16
7219,4
7220,33
7221,64
7222,39
7223,24
7224,37
7225,127
7226,20
7227,2
7228,0
7229,2
7230,25
7231,85
7232,57
7233,6
7234,45
7235,8
7236,26
7237,238
7238,4
7239,3
7240,8
7241,122
7242,16
7243,33
7244,29
7245,48
7246,39
7247,7
7248,180
7249,90
7250,3
7251,80
7252,50
7253,31
7254,175
7255,41
7256,26
7257,1
7258,6
7259,29
7260,4
7261,35
7262,89
7263,116
7264,0
7265,60
7266,15
7267,61
7268,74
7269,81
7270,35
7271,30
7272,3
7273,13
7274,30
7275,0
7276,0
7277,57
7278,9
7279,122
7280,2
7281,49
7282,1
7283,72
7284,0
7285,16
7286,22
7287,3
7288,54
7289,1
7290,98
7291,2
7292,5
7293,11
7294,5
7295,21
7296,54
7297,11
7298,33
7299,62
7300,36
7301,88
7302,35
7303,83
7304,48
7305,0
7306,0
7307,29
7308,1
7309,0
7310,1
7311,99
7312,1
7313,19
7314,3
7315,113
7316,27
7317,419
7318,0
7319,132
7320,96
7321,9
7322,10
7323,97
7324,49
7325,202
7326,52
7327,31
7328,10
7329,5
7330,2
7331,49
7332,26
7333,97
7334,171
7335,272
7336,28
7337,2
7338,35
7339,111
7340,2
7341,4
7342,1
7343,14
7344,492
7345,2
7346,122
7347,89
7348,44
7349,172
7350,17
7351,67
7352,1
7353,4
7354,5
7355,131
7356,31
7357,0
7358,83
7359,50
7360,13
7361,3
7362,45
7363,7
7364,81
7365,6
7366,29
7367,58
7368,43
7369,43
7370,43
7371,30
7372,0
7373,60
7374,3
7375,42
7376,4
7377,26
7378,7
7379,6
7380,92
7381,0
7382,191
7383,7
7384,13
7385,108
7386,105
7387,9
7388,379
7389,5
7390,672
7391,35
7392,47
7393,1
7394,60
7395,1
7396,38
7397,10
7398,65
7399,33
7400,27
7401,186
7402,22
7403,51
7404,75
7405,26
7406,149
7407,124
7408,21
7409,186
7410,17
7411,129
7412,178
7413,2
7414,2
7415,34
7416,1
7417,3
7418,2
7419,37
7420,8
7421,26
7422,1
7423,119
7424,59
7425,8
7426,114
7427,1
7428,9
7429,11
7430,1
7431,1
7432,108
7433,6
7434,12
7435,41
7436,57
7437,115
7438,29
7439,38
7440,0
7441,26
7442,0
7443,1
7444,43
7445,4
7446,93
7447,3
7448,9
7449,59
7450,3
7451,90
7452,31
7453,17
7454,30
7455,8
7456,212
7457,0
7458,12
7459,73
7460,133
7461,1
7462,805
7463,32
7464,8
7465,49
7466,184
7467,48
7468,25
7469,44
7470,196
7471,82
7472,49
7473,11
7474,1
7475,17
7476,21
7477,82
7478,91
7479,76
7480,7
7481,28
7482,28
7483,109
7484,392
7485,4
7486,62
7487,29
7488,80
7489,3
7490,7
7491,13
7492,65
7493,1
7494,6
7495,124
7496,51
7497,62
7498,24
7499,15
7500,17
7501,193
7502,6
7503,74
7504,24
7505,353
7506,174
7507,0
7508,76
7509,0
7510,9
7511,79
7512,15
7513,1
7514,57
7515,10
7516,1
7517,1
7518,117
7519,57
7520,22
7521,42
7522,3
7523,10
7524,45
7525,48
7526,9
7527,156
7528,58
7529,85
7530,13
7531,28
7532,55
7533,0
7534,88
7535,22
7536,57
7537,19
7538,29
7539,50
7540,18
7541,9
7542,8
7543,0
7544,28
7545,7
7546,49
7547,17
7548,0
7549,31
7550,19
7551,39
7552,25
7553,30
7554,391
7555,17
7556,49
7557,7
7558,43
7559,565
7560,33
7561,29
7562,134
7563,16
7564,12
7565,34
7566,6
7567,31
7568,30
7569,6
7570,187
7571,56
7572,2
7573,14
7574,0
7575,475
7576,66
7577,230
7578,40
7579,3
7580,1
7581,108
7582,364
7583,123
7584,68
7585,6
7586,21
7587,44
7588,5
7589,6
7590,168
7591,173
7592,509
7593,332
7594,31
7595,38
7596,170
7597,2
7598,31
7599,27
7600,0
7601,59
7602,152
7603,7
7604,107
7605,4
7606,2
7607,21
7608,15
7609,12
7610,6
7611,49
7612,62
7613,9
7614,227
7615,17
7616,38
7617,122
7618,8
7619,1
7620,15
7621,281
7622,12
7623,7
7624,48
7625,20
7626,164
7627,66
7628,57
7629,2
7630,1
7631,6
7632,49
7633,56
7634,18
7635,27
7636,3
7637,0
7638,143
7639,210
7640,0
7641,414
7642,44
7643,48
7644,1
7645,116
7646,51
7647,41
7648,29
7649,42
7650,78
7651,11
7652,9
7653,33
7654,34
7655,225
7656,11
7657,2
7658,7
7659,1
7660,151
7661,7
7662,6
7663,75
7664,27
7665,16
7666,31
7667,4
7668,7
7669,39
7670,16
7671,17
7672,61
7673,7
7674,4
7675,475
7676,125
7677,0
7678,49
7679,57
7680,304
7681,148
7682,4
7683,28
7684,25
7685,188
7686,132
7687,3
7688,27
7689,55
7690,40
7691,5
7692,148
7693,3
7694,4
7695,36
7696,74
7697,4
7698,32
7699,12
7700,65
7701,87
7702,84
7703,5
7704,130
7705,164
7706,33
7707,9
7708,5
7709,77
7710,2
7711,5
7712,127
7713,583
7714,38
7715,28
7716,8
7717,163
7718,8
7719,1
7720,37
7721,13
7722,2
7723,0
7724,65
7725,0
7726,5
7727,8
7728,216
7729,0
7730,7
7731,0
7732,30
7733,38
7734,141
7735,24
7736,21
7737,85
7738,60
7739,6
7740,12
7741,5
7742,30
7743,51
7744,8
7745,1
7746,66
7747,382
7748,265
7749,3
7750,67
7751,4
7752,4
7753,49
7754,81
7755,114
7756,47
7757,3
7758,24
7759,5
7760,39
7761,47
7762,194
7763,23
7764,17
7765,177
7766,134
7767,54
7768,101
7769,6
7770,43
7771,25
7772,199
7773,11
7774,58
7775,10
7776,22
7777,3
7778,21
7779,126
7780,5
7781,16
7782,1
7783,18
7784,11
7785,12
7786,7
7787,55
7788,233
7789,343
7790,4
7791,1
7792,7
7793,41
7794,45
7795,6
7796,38
7797,14
7798,29
7799,257
7800,5
7801,1
7802,22
7803,4
7804,79
7805,116
7806,44
7807,8
7808,39
7809,622
7810,8
7811,42
7812,55
7813,55
7814,578
7815,2
7816,15
7817,33
7818,7
7819,101
7820,51
7821,300
7822,4
7823,6
7824,44
7825,9
7826,40
7827,24
7828,7
7829,2
7830,27
7831,64
7832,42
7833,440
7834,53
7835,12
7836,2
7837,81
7838,7
7839,6
7840,3
7841,51
7842,3
7843,224
7844,6
7845,45
7846,105
7847,28
7848,156
7849,121
7850,57
7851,28
7852,4
7853,16
7854,7
7855,8
7856,7
7857,6
7858,12
7859,19
7860,26
7861,4
7862,58
7863,3
7864,5
7865,3
7866,10
7867,5
7868,9
7869,16
7870,18
7871,268
7872,8
7873,257
7874,17
7875,9
7876,56
7877,29
7878,17
7879,57
7880,43
7881,4
7882,5
7883,57
7884,0
7885,1
7886,2
7887,211
7888,35
7889,27
7890,89
7891,74
7892,102
7893,5
7894,13
7895,36
7896,14
7897,64
7898,258
7899,24
7900,0
7901,1
7902,11
7903,19
7904,2
7905,55
7906,195
7907,28
7908,56
7909,145
7910,141
7911,23
7912,543
7913,6
7914,19
7915,24
7916,5
7917,51
7918,23
7919,22
7920,66
7921,5
7922,31
7923,0
7924,49
7925,0
7926,46
7927,136
7928,107
7929,80
7930,238
7931,94
7932,47
7933,1
7934,0
7935,218
7936,163
7937,21
7938,10
7939,0
7940,25
7941,89
7942,20
7943,7
7944,5
7945,60
7946,91
7947,7
7948,90
7949,4
7950,124
7951,27
7952,33
7953,3
7954,20
7955,94
7956,49
7957,6
7958,9
7959,4
7960,25
7961,35
7962,21
7963,110
7964,49
7965,20
7966,8
7967,9
7968,501
7969,12
7970,26
7971,135
7972,1
7973,1
7974,0
7975,1
7976,254
7977,203
7978,11
7979,5
7980,0
7981,65
7982,5
7983,44
7984,11
7985,6
7986,6
7987,4
7988,31
7989,8
7990,260
7991,261
7992,6
7993,56
7994,31
7995,32
7996,12
7997,11
7998,48
7999,446
8000,63
8001,54
8002,3
8003,3
8004,2
8005,200
8006,29
8007,11
8008,6
8009,144
8010,50
8011,9
8012,14
8013,401
8014,50
8015,7
8016,122
8017,14
8018,134
8019,31
8020,32
8021,62
8022,0
8023,1
8024,98
8025,51
8026,18
8027,67
8028,32
8029,29
8030,15
8031,49
8032,9
8033,79
8034,38
8035,23
8036,4
8037,55
8038,124
8039,0
8040,13
8041,29
8042,11
8043,23
8044,55
8045,13
8046,45
8047,0
8048,106
8049,25
8050,162
8051,41
8052,47
8053,58
8054,37
8055,25
8056,67
8057,13
8058,31
8059,64
8060,21
8061,3
8062,0
8063,14
8064,8
8065,41
8066,5
8067,21
8068,15
8069,1
8070,44
8071,13
8072,1
8073,343
8074,82
8075,0
8076,268
8077,239
8078,20
8079,25
8080,54
8081,75
8082,0
8083,16
8084,38
8085,62
8086,21
8087,6
8088,448
8089,81
8090,36
8091,21
8092,612
8093,652
8094,111
8095,145
8096,10
8097,161
8098,1
8099,2
8100,7
8101,28
8102,257
8103,13
8104,158
8105,1
8106,7
8107,8
8108,5
8109,7
8110,225
8111,5
8112,108
8113,3
8114,243
8115,240
8116,18
8117,16
8118,44
8119,28
8120,84
8121,8
8122,44
8123,53
8124,115
8125,7
8126,35
8127,37
8128,16
8129,335
8130,7
8131,276
8132,14
8133,6
8134,81
8135,27
8136,4
8137,5
8138,183
8139,13
8140,39
8141,140
8142,54
8143,71
8144,319
8145,33
8146,33
8147,158
8148,1
8149,0
8150,47
8151,13
8152,52
8153,16
8154,17
8155,29
8156,34
8157,1
8158,184
8159,120
8160,87
8161,3
8162,2
8163,172
8164,26
8165,10
8166,128
8167,33
8168,13
8169,27
8170,405
8171,18
8172,24
8173,22
8174,74
8175,23
8176,3
8177,37
8178,21
8179,110
8180,1
8181,7
8182,23
8183,79
8184,6
8185,32
8186,251
8187,62
8188,113
8189,13
8190,214
8191,3
8192,35
8193,82
8194,3
8195,22
8196,53
8197,108
8198,47
8199,31
8200,52
8201,3
8202,2
8203,36
8204,9
8205,4
8206,22
8207,66
8208,62
8209,59
8210,0
8211,60
8212,31
8213,56
8214,4
8215,150
8216,50
8217,13
8218,9
8219,0
8220,10
8221,168
8222,56
8223,38
8224,4
8225,123
8226,48
8227,131
8228,285
8229,0
8230,1
8231,56
8232,21
8233,1
8234,20
8235,29
8236,1
8237,16
8238,109
8239,50
8240,0
8241,1
8242,5
8243,5
8244,43
8245,5
8246,4
8247,56
8248,0
8249,58
8250,122
8251,28
8252,189
8253,12
8254,1
8255,79
8256,28
8257,54
8258,31
8259,0
8260,8
8261,9
8262,136
8263,1
8264,69
8265,90
8266,8
8267,7
8268,181
8269,34
8270,15
8271,77
8272,60
8273,33
8274,38
8275,250
8276,31
8277,33
8278,277
8279,30
8280,7
8281,12
8282,198
8283,148
8284,38
8285,1
8286,32
8287,42
8288,215
8289,49
8290,26
8291,48
8292,28
8293,7
8294,5
8295,14
8296,43
8297,4
8298,51
8299,187
8300,4
8301,90
8302,296
8303,35
8304,138
8305,6
8306,13
8307,6
8308,1
8309,48
8310,75
8311,15
8312,92
8313,212
8314,6
8315,308
8316,64
8317,21
8318,5
8319,8
8320,190
8321,277
8322,17
8323,10
8324,269
8325,464
8326,3
8327,74
8328,14
8329,130
8330,3
8331,429
8332,152
8333,122
8334,0
8335,114
8336,367
8337,27
8338,5
8339,63
8340,99
8341,74
8342,6
8343,2
8344,61
8345,85
8346,131
8347,111
8348,27
8349,48
8350,385
8351,57
8352,7
8353,5
8354,4
8355,56
8356,10
8357,6
8358,69
8359,0
8360,24
8361,0
8362,3
8363,90
8364,203
8365,11
8366,184
8367,72
8368,7
8369,30
8370,75
8371,4
8372,13
8373,48
8374,0
8375,38
8376,452
8377,5
8378,47
8379,297
8380,0
8381,21
8382,0
8383,77
8384,61
8385,17
8386,424
8387,0
8388,78
8389,28
8390,12
8391,25
8392,55
8393,194
8394,10
8395,7
8396,10
8397,2
8398,249
8399,0
8400,93
8401,67
8402,7
8403,138
8404,7
8405,69
8406,1
8407,28
8408,27
8409,6
8410,19
8411,9
8412,525
8413,407
8414,16
8415,15
8416,11
8417,44
8418,60
8419,76
8420,88
8421,81
8422,44
8423,20
8424,40
8425,24
8426,237
8427,60
8428,7
8429,52
8430,100
8431,164
8432,1
8433,0
8434,28
8435,14
8436,44
8437,3
8438,14
8439,6
8440,24
8441,6
8442,8
8443,21
8444,7
8445,72
8446,9
8447,1
8448,293
8449,1
8450,129
8451,8
8452,240
8453,7
8454,20
8455,47
8456,1
8457,4
8458,5
8459,45
8460,33
8461,7
8462,42
8463,5
8464,9
8465,130
8466,10
8467,8
8468,7
8469,80
8470,41
8471,5
8472,0
8473,36
8474,3
8475,177
8476,35
8477,0
8478,40
8479,24
8480,18
8481,352
8482,77
8483,4
8484,48
8485,115
8486,1
8487,56
8488,6
8489,54
8490,33
8491,112
8492,7
8493,1
8494,339
8495,165
8496,24
8497,11
8498,6
8499,36
8500,36
8501,53
8502,6
8503,4
8504,5
8505,14
8506,4
8507,49
8508,16
8509,280
8510,28
8511,32
8512,2
8513,7
8514,53
8515,168
8516,1
8517,18
8518,247
8519,47
8520,247
8521,37
8522,3
8523,127
8524,0
8525,44
8526,2
8527,32
8528,13
8529,29
8530,57
8531,1
8532,25
8533,40
8534,48
8535,62
8536,79
8537,7
8538,10
8539,5
8540,6
8541,3
8542,46
8543,46
8544,1
8545,53
8546,7
8547,8
8548,26
8549,18
8550,0
8551,4
8552,3
8553,3
8554,1
8555,4
8556,81
8557,4
8558,94
8559,104
8560,139
8561,24
8562,1
8563,116
8564,9
8565,5
8566,50
8567,12
8568,3
8569,17
8570,34
8571,29
8572,0
8573,23
8574,143
8575,0
8576,1
8577,122
8578,5
8579,147
8580,49
8581,3
8582,4
8583,5
8584,58
8585,152
8586,103
8587,9
8588,63
8589,9
8590,37
8591,130
8592,15
8593,19
8594,186
8595,265
8596,4
8597,83
8598,19
8599,14
8600,93
8601,2
8602,406
8603,46
8604,3
8605,6
8606,147
8607,5
8608,52
8609,53
8610,0
8611,17
8612,15
8613,173
8614,75
8615,139
8616,134
8617,40
8618,120
8619,19
8620,6
8621,881
8622,9
8623,3
8624,10
8625,45
8626,16
8627,81
8628,14
8629,52
8630,4
8631,5
8632,8
8633,447
8634,7
8635,10
8636,1
8637,2
8638,10
8639,3
8640,1
8641,100
8642,1
8643,4
8644,22
8645,66
8646,64
8647,1
8648,6
8649,66
8650,54
8651,109
8652,24
8653,6
8654,73
8655,9
8656,16
8657,16
8658,27
8659,12
8660,10
8661,5
8662,8
8663,269
8664,182
8665,57
8666,21
8667,3
8668,8
8669,10
8670,3
8671,9
8672,117
8673,6
8674,34
8675,1
8676,132
8677,50
8678,2
8679,0
8680,7
8681,117
8682,45
8683,6
8684,3
8685,2
8686,3
8687,106
8688,8
8689,23
8690,23
8691,72
8692,44
8693,74
8694,7
8695,51
8696,4
8697,246
8698,38
8699,29
8700,31
8701,4
8702,44
8703,159
8704,46
8705,61
8706,46
8707,16
8708,67
8709,8
8710,380
8711,1
8712,4
8713,4
8714,691
8715,38
8716,0
8717,11
8718,0
8719,90
8720,208
8721,13
8722,12
8723,14
8724,25
8725,64
8726,6
8727,4
8728,108
8729,34
8730,26
8731,1
8732,245
8733,101
8734,24
8735,41
8736,28
8737,10
8738,60
8739,90
8740,92
8741,6
8742,32
8743,66
8744,29
8745,469
8746,173
8747,0
8748,83
8749,189
8750,30
8751,4
8752,85
8753,0
8754,411
8755,137
8756,7
8757,16
8758,2
8759,105
8760,120
8761,38
8762,8
8763,3
8764,34
8765,77
8766,39
8767,32
8768,229
8769,27
8770,2
8771,12
8772,186
8773,227
8774,44
8775,14
8776,5
8777,16
8778,39
8779,106
8780,10
8781,32
8782,10
8783,180
8784,0
8785,33
8786,28
8787,46
8788,2
8789,1
8790,6
8791,164
8792,1
8793,5
8794,11
8795,52
8796,16
8797,30
8798,46
8799,45
8800,1
8801,11
8802,49
8803,8
8804,21
8805,9
8806,227
8807,43
8808,136
8809,23
8810,56
8811,71
8812,11
8813,15
8814,27
8815,4
8816,134
8817,89
8818,31
8819,8
8820,10
8821,20
8822,56
8823,194
8824,4
8825,70
8826,1
8827,54
8828,1
8829,5
8830,56
8831,27
8832,250
8833,22
8834,14
8835,45
8836,33
8837,1
8838,1
8839,6
8840,9
8841,19
8842,55
8843,58
8844,98
8845,7
8846,149
8847,48
8848,19
8849,28
8850,42
8851,46
8852,33
8853,35
8854,6
8855,38
8856,48
8857,28
8858,5
8859,50
8860,9
8861,12
8862,29
8863,79
8864,18
8865,80
8866,38
8867,102
8868,222
8869,12
8870,75
8871,8
8872,101
8873,80
8874,0
8875,7
8876,72
8877,105
8878,5
8879,165
8880,93
8881,17
8882,39
8883,246
8884,144
8885,21
8886,0
8887,96
8888,4
8889,28
8890,6
8891,11
